{
    "Harvests": [
        {
            "CropName": "Raffadax.RCP_Basil",
            "HarvestRules": [
                {
                    "ItemName": "Raffadax.RCP_BasilSeeds",
                    "minHarvest": -3,
                    "maxHarvest": 1,
                    "maxHarvestIncreasePerFarmingLevel": 0.0
                }
            ]
        },
        {
            "CropName": "Raffadax.RCP_BlackShamrock",
            "HarvestRules": [
                {
                    "ItemName": "Raffadax.RCP_Clover",
                    "minHarvest": -2,
                    "maxHarvest": 1,
                    "maxHarvestIncreasePerFarmingLevel": 0.0
                },
                {
                    "ItemName": "Raffadax.RCP_UnluckyClover",
                    "minHarvest": -20,
                    "maxHarvest": 1,
                    "maxHarvestIncreasePerFarmingLevel": 0.0
                }
            ]
        },
        {
            "CropName": "Raffadax.RCP_BlackStoneFlower",
            "HarvestRules": [
                {
                    "ItemName": "Common Mushroom",
                    "minHarvest": -25,
                    "maxHarvest": 1,
                    "maxHarvestIncreasePerFarmingLevel": 0.0
                },
                {
                    "ItemName": "Raffadax.RCP_Liverwort",
                    "minHarvest": -25,
                    "maxHarvest": 1,
                    "maxHarvestIncreasePerFarmingLevel": 0.0
                }
            ]
        },
        {
            "CropName": "Raffadax.RCP_BlueCorn",
            "HarvestRules": [
                {
                    "ItemName": "Raffadax.RCP_Ergot",
                    "minHarvest": -75,
                    "maxHarvest": 1,
                    "maxHarvestIncreasePerFarmingLevel": 0.0
                }
            ]
        },
        {
            "CropName": "Raffadax.RCP_BlueLotusFlower",
            "HarvestRules": [
                {
                    "ItemName": "Raffadax.RCP_LotusLeaf",
                    "minHarvest": -1,
                    "maxHarvest": 1,
                    "maxHarvestIncreasePerFarmingLevel": 0.0
                },
                {
                    "ItemName": "Raffadax.RCP_LotusStalk",
                    "minHarvest": 0,
                    "maxHarvest": 1,
                    "maxHarvestIncreasePerFarmingLevel": 0.0
                },
                {
                    "ItemName": "Raffadax.RCP_LotusRoot",
                    "minHarvest": -2,
                    "maxHarvest": 1,
                    "maxHarvestIncreasePerFarmingLevel": 0.0
                }
            ]
        },
        {
            "CropName": "Raffadax.RCP_BrusselsSprouts",
            "HarvestRules": [
                {
                    "ItemName": "Raffadax.RCP_BrassicaFlower",
                    "minHarvest": -3,
                    "maxHarvest": 1,
                    "maxHarvestIncreasePerFarmingLevel": 0.0
                }
            ]
        },
        {
            "CropName": "Cactus Fruit",
            "HarvestRules": [
                {
                    "ItemName": "Raffadax.RCP_CactusBlossom",
                    "minHarvest": -2,
                    "maxHarvest": 1,
                    "maxHarvestIncreasePerFarmingLevel": 0.0
                }
            ]
        },
        {
            "CropName": "Raffadax.RCP_CarawayFlower",
            "HarvestRules": [
                {
                    "ItemName": "Raffadax.RCP_CarawayRoot",
                    "minHarvest": -2,
                    "maxHarvest": 1,
                    "maxHarvestIncreasePerFarmingLevel": 0.0
                },
                {
                    "ItemName": "Raffadax.RCP_CarawaySeeds",
                    "minHarvest": -1,
                    "maxHarvest": 1,
                    "maxHarvestIncreasePerFarmingLevel": 0.0
                }
            ]
        },
        {
            "CropName": "Raffadax.RCP_Capers",
            "HarvestRules": [
                {
                    "ItemName": "Raffadax.RCP_FlindersRose",
                    "minHarvest": -2,
                    "maxHarvest": 1,
                    "maxHarvestIncreasePerFarmingLevel": 0.0
                },
                {
                    "ItemName": "Raffadax.RCP_CaperBerries",
                    "minHarvest": -3,
                    "maxHarvest": 2,
                    "maxHarvestIncreasePerFarmingLevel": 0.0
                },
                {
                    "ItemName": "Raffadax.RCP_CaperLeaves",
                    "minHarvest": -3,
                    "maxHarvest": 2,
                    "maxHarvestIncreasePerFarmingLevel": 0.0
                }
            ]
        },
        {
            "CropName": "Raffadax.RCP_CassavaRoot",
            "HarvestRules": [
                {
                    "ItemName": "Raffadax.RCP_CassavaLeaf",
                    "minHarvest": -2,
                    "maxHarvest": 2,
                    "maxHarvestIncreasePerFarmingLevel": 0.0
                }
            ]
        },
        {
            "CropName": "Raffadax.RCP_Celery",
            "HarvestRules": [
                {
                    "ItemName": "Raffadax.RCP_CelerySeeds",
                    "minHarvest": -1,
                    "maxHarvest": 1,
                    "maxHarvestIncreasePerFarmingLevel": 0.0
                }
            ]
        },
        {
            "CropName": "Raffadax.RCP_ChicoryFlower",
            "HarvestRules": [
                {
                    "ItemName": "Raffadax.RCP_Chicory",
                    "minHarvest": 0,
                    "maxHarvest": 1,
                    "maxHarvestIncreasePerFarmingLevel": 0.0
                },
                {
                    "ItemName": "Raffadax.RCP_ChicoryRoot",
                    "minHarvest": -1,
                    "maxHarvest": 1,
                    "maxHarvestIncreasePerFarmingLevel": 0.0
                }
            ]
        },
        {
            "CropName": "Raffadax.RCP_Chives",
            "HarvestRules": [
                {
                    "ItemName": "Raffadax.RCP_Allium",
                    "minHarvest": 0,
                    "maxHarvest": 1,
                    "maxHarvestIncreasePerFarmingLevel": 0.0
                }
            ]
        },
        {
            "CropName": "Raffadax.RCP_Cilantro",
            "HarvestRules": [
                {
                    "ItemName": "Raffadax.RCP_Coriander",
                    "minHarvest": -1,
                    "maxHarvest": 1,
                    "maxHarvestIncreasePerFarmingLevel": 0.0
                },
                {
                    "ItemName": "Raffadax.RCP_CorianderFlower",
                    "minHarvest": -2,
                    "maxHarvest": 1,
                    "maxHarvestIncreasePerFarmingLevel": 0.0
                }
            ]
        },
        {
            "CropName": "Corn",
            "HarvestRules": [
                {
                    "ItemName": "Raffadax.RCP_BabyCorn",
                    "minHarvest": -5,
                    "maxHarvest": 1,
                    "maxHarvestIncreasePerFarmingLevel": 0.0
                },
                {
                    "ItemName": "Raffadax.RCP_Ergot",
                    "minHarvest": -75,
                    "maxHarvest": 1,
                    "maxHarvestIncreasePerFarmingLevel": 0.0
                }
            ]
        },
        {
            "CropName": "Crocus",
            "HarvestRules": [
                {
                    "ItemName": "Raffadax.RCP_Saffron",
                    "minHarvest": -4,
                    "maxHarvest": 1,
                    "maxHarvestIncreasePerFarmingLevel": 0.0
                }
            ]
        },
        {
            "CropName": "Raffadax.RCP_Nigella",
            "HarvestRules": [
                {
                    "ItemName": "Raffadax.RCP_BlackCuminSeeds",
                    "minHarvest": -1,
                    "maxHarvest": 2,
                    "maxHarvestIncreasePerFarmingLevel": 0.0
                }
            ]
        },
        {
            "CropName": "Dandelion",
            "HarvestRules": [
                {
                    "ItemName": "Raffadax.RCP_DandelionGreens",
                    "minHarvest": 0,
                    "maxHarvest": 1,
                    "maxHarvestIncreasePerFarmingLevel": 0.0
                },
                {
                    "ItemName": "Raffadax.RCP_DandelionPuffball",
                    "minHarvest": -1,
                    "maxHarvest": 1,
                    "maxHarvestIncreasePerFarmingLevel": 0.0
                },
                {
                    "ItemName": "Raffadax.RCP_DandelionRoot",
                    "minHarvest": 0,
                    "maxHarvest": 1,
                    "maxHarvestIncreasePerFarmingLevel": 0.0
                },
                {
                    "ItemName": "Raffadax.RCP_DandelionSeeds",
                    "minHarvest": -2,
                    "maxHarvest": 2,
                    "maxHarvestIncreasePerFarmingLevel": 0.0
                }
            ]
        },
        {
            "CropName": "Raffadax.RCP_Dill",
            "HarvestRules": [
                {
                    "ItemName": "Raffadax.RCP_DillSeeds",
                    "minHarvest": -1,
                    "maxHarvest": 2,
                    "maxHarvestIncreasePerFarmingLevel": 0.0
                }
            ]
        },
        {
            "CropName": "Raffadax.RCP_Fennel",
            "HarvestRules": [
                {
                    "ItemName": "Raffadax.RCP_FennelFlower",
                    "minHarvest": -2,
                    "maxHarvest": 1,
                    "maxHarvestIncreasePerFarmingLevel": 0.0
                },
                {
                    "ItemName": "Raffadax.RCP_FennelGreens",
                    "minHarvest": -1,
                    "maxHarvest": 1,
                    "maxHarvestIncreasePerFarmingLevel": 0.0
                },
                {
                    "ItemName": "Raffadax.RCP_FennelPollen",
                    "minHarvest": -9,
                    "maxHarvest": 1,
                    "maxHarvestIncreasePerFarmingLevel": 0.0
                },
                {
                    "ItemName": "Raffadax.RCP_FennelSeeds",
                    "minHarvest": -2,
                    "maxHarvest": 1,
                    "maxHarvestIncreasePerFarmingLevel": 0.0
                }
            ]
        },
        {
            "CropName": "Raffadax.RCP_Fenugreek",
            "HarvestRules": [
                {
                    "ItemName": "Raffadax.RCP_FenugreekSeeds",
                    "minHarvest": -1,
                    "maxHarvest": 2,
                    "maxHarvestIncreasePerFarmingLevel": 0.0
                }
            ]
        },
        {
            "CropName": "Raffadax.RCP_FernFlower",
            "HarvestRules": [
                {
                    "ItemName": "Fiddlehead Fern",
                    "minHarvest": 1,
                    "maxHarvest": 5,
                    "maxHarvestIncreasePerFarmingLevel": 0.0
                }
            ]
        },
        {
            "CropName": "Raffadax.RCP_GemCap",
            "HarvestRules": [
                {
                    "ItemName": "Emerald",
                    "minHarvest": -3,
                    "maxHarvest": 1,
                    "maxHarvestIncreasePerFarmingLevel": 0.0
                },
                {
                    "ItemName": "Ruby",
                    "minHarvest": -3,
                    "maxHarvest": 1,
                    "maxHarvestIncreasePerFarmingLevel": 0.0
                },
                {
                    "ItemName": "Raffadax.RCP_Sapphire",
                    "minHarvest": -3,
                    "maxHarvest": 1,
                    "maxHarvestIncreasePerFarmingLevel": 0.0
                },
                {
                    "ItemName": "Amethyst",
                    "minHarvest": -7,
                    "maxHarvest": 1,
                    "maxHarvestIncreasePerFarmingLevel": 0.0
                },
                {
                    "ItemName": "Aquamarine",
                    "minHarvest": -7,
                    "maxHarvest": 1,
                    "maxHarvestIncreasePerFarmingLevel": 0.0
                },
                {
                    "ItemName": "Fire Opal",
                    "minHarvest": -7,
                    "maxHarvest": 1,
                    "maxHarvestIncreasePerFarmingLevel": 0.0
                },
                {
                    "ItemName": "Jade",
                    "minHarvest": -7,
                    "maxHarvest": 1,
                    "maxHarvestIncreasePerFarmingLevel": 0.0
                },
                {
                    "ItemName": "Opal",
                    "minHarvest": -7,
                    "maxHarvest": 1,
                    "maxHarvestIncreasePerFarmingLevel": 0.0
                },
                {
                    "ItemName": "Tigerseye",
                    "minHarvest": -7,
                    "maxHarvest": 1,
                    "maxHarvestIncreasePerFarmingLevel": 0.0
                },
                {
                    "ItemName": "Topaz",
                    "minHarvest": -7,
                    "maxHarvest": 1,
                    "maxHarvestIncreasePerFarmingLevel": 0.0
                },
                {
                    "ItemName": "Diamond",
                    "minHarvest": -10,
                    "maxHarvest": 1,
                    "maxHarvestIncreasePerFarmingLevel": 0.0
                },
                {
                    "ItemName": "Prismatic Shard",
                    "minHarvest": -50,
                    "maxHarvest": 1,
                    "maxHarvestIncreasePerFarmingLevel": 0.0
                }
            ]
        },
        {
            "CropName": "Raffadax.RCP_GentianFlower",
            "HarvestRules": [
                {
                    "ItemName": "Raffadax.RCP_GentianBark",
                    "minHarvest": -1,
                    "maxHarvest": 1,
                    "maxHarvestIncreasePerFarmingLevel": 0.0
                },
                {
                    "ItemName": "Raffadax.RCP_GentianRoot",
                    "minHarvest": -1,
                    "maxHarvest": 1,
                    "maxHarvestIncreasePerFarmingLevel": 0.0
                }
            ]
        },
        {
            "CropName": "Raffadax.RCP_GoldenChest",
            "HarvestRules": [
                {
                    "ItemName": "Raffadax.RCP_GoldenLeaf",
                    "minHarvest": 1,
                    "maxHarvest": 4,
                    "maxHarvestIncreasePerFarmingLevel": 0.0
                },
                {
                    "ItemName": "Raffadax.RCP_SilverCoin",
                    "minHarvest": 5,
                    "maxHarvest": 10,
                    "maxHarvestIncreasePerFarmingLevel": 0.0
                },
                {
                    "ItemName": "Raffadax.RCP_SilverLeaf",
                    "minHarvest": 1,
                    "maxHarvest": 4,
                    "maxHarvestIncreasePerFarmingLevel": 0.0
                },
                {
                    "ItemName": "Emerald",
                    "minHarvest": 2,
                    "maxHarvest": 5,
                    "maxHarvestIncreasePerFarmingLevel": 0.0
                },
                {
                    "ItemName": "Ruby",
                    "minHarvest": 2,
                    "maxHarvest": 5,
                    "maxHarvestIncreasePerFarmingLevel": 0.0
                },
                {
                    "ItemName": "Raffadax.RCP_Sapphire",
                    "minHarvest": 2,
                    "maxHarvest": 5,
                    "maxHarvestIncreasePerFarmingLevel": 0.0
                },
                {
                    "ItemName": "Raffadax.RCP_BlackPearl",
                    "minHarvest": 1,
                    "maxHarvest": 2,
                    "maxHarvestIncreasePerFarmingLevel": 0.0
                },
                {
                    "ItemName": "Diamond",
                    "minHarvest": 1,
                    "maxHarvest": 3,
                    "maxHarvestIncreasePerFarmingLevel": 0.0
                },
                {
                    "ItemName": "Pearl",
                    "minHarvest": 2,
                    "maxHarvest": 3,
                    "maxHarvestIncreasePerFarmingLevel": 0.0
                },
                {
                    "ItemName": "Amethyst",
                    "minHarvest": 0,
                    "maxHarvest": 1,
                    "maxHarvestIncreasePerFarmingLevel": 0.0
                },
                {
                    "ItemName": "Aquamarine",
                    "minHarvest": 0,
                    "maxHarvest": 1,
                    "maxHarvestIncreasePerFarmingLevel": 0.0
                },
                {
                    "ItemName": "Fire Opal",
                    "minHarvest": 0,
                    "maxHarvest": 1,
                    "maxHarvestIncreasePerFarmingLevel": 0.0
                },
                {
                    "ItemName": "Jade",
                    "minHarvest": 0,
                    "maxHarvest": 1,
                    "maxHarvestIncreasePerFarmingLevel": 0.0
                },
                {
                    "ItemName": "Opal",
                    "minHarvest": 0,
                    "maxHarvest": 1,
                    "maxHarvestIncreasePerFarmingLevel": 0.0
                },
                {
                    "ItemName": "Tigerseye",
                    "minHarvest": 0,
                    "maxHarvest": 1,
                    "maxHarvestIncreasePerFarmingLevel": 0.0
                },
                {
                    "ItemName": "Topaz",
                    "minHarvest": 0,
                    "maxHarvest": 1,
                    "maxHarvestIncreasePerFarmingLevel": 0.0
                },
                {
                    "ItemName": "Raffadax.RCP_AncientCoin",
                    "minHarvest": 5,
                    "maxHarvest": 10,
                    "maxHarvestIncreasePerFarmingLevel": 0.0
                },
                {
                    "ItemName": "Cinder Shard",
                    "minHarvest": -3,
                    "maxHarvest": 1,
                    "maxHarvestIncreasePerFarmingLevel": 0.0
                },
                {
                    "ItemName": "Raffadax.RCP_GiantPearl",
                    "minHarvest": 1,
                    "maxHarvest": 1,
                    "maxHarvestIncreasePerFarmingLevel": 0.0
                },
                {
                    "ItemName": "Elvish Jewelry",
                    "minHarvest": 0,
                    "maxHarvest": 1,
                    "maxHarvestIncreasePerFarmingLevel": 0.0
                },
                {
                    "ItemName": "Raffadax.RCP_GoldenAntler",
                    "minHarvest": -7,
                    "maxHarvest": 1,
                    "maxHarvestIncreasePerFarmingLevel": 0.0
                },
                {
                    "ItemName": "Raffadax.RCP_GoldenFeather",
                    "minHarvest": -7,
                    "maxHarvest": 1,
                    "maxHarvestIncreasePerFarmingLevel": 0.0
                },
                {
                    "ItemName": "Golden Mask",
                    "minHarvest": -7,
                    "maxHarvest": 1,
                    "maxHarvestIncreasePerFarmingLevel": 0.0
                },
                {
                    "ItemName": "Golden Relic",
                    "minHarvest": -7,
                    "maxHarvest": 1,
                    "maxHarvestIncreasePerFarmingLevel": 0.0
                },
                {
                    "ItemName": "Raffadax.RCP_SilverAntler",
                    "minHarvest": -7,
                    "maxHarvest": 1,
                    "maxHarvestIncreasePerFarmingLevel": 0.0
                },
                {
                    "ItemName": "Raffadax.RCP_SilverFeather",
                    "minHarvest": -7,
                    "maxHarvest": 1,
                    "maxHarvestIncreasePerFarmingLevel": 0.0
                },
                {
                    "ItemName": "Raffadax.RCP_IridiumFeather",
                    "minHarvest": -8,
                    "maxHarvest": 1,
                    "maxHarvestIncreasePerFarmingLevel": 0.0
                },
                {
                    "ItemName": "Raffadax.RCP_MythrilFeather",
                    "minHarvest": -8,
                    "maxHarvest": 1,
                    "maxHarvestIncreasePerFarmingLevel": 0.0
                },
                {
                    "ItemName": "Prismatic Shard",
                    "minHarvest": -9,
                    "maxHarvest": 1,
                    "maxHarvestIncreasePerFarmingLevel": 0.0
                }
            ]
        },
        {
            "CropName": "Raffadax.RCP_GlassGemCorn",
            "HarvestRules": [
                {
                    "ItemName": "Raffadax.RCP_Ergot",
                    "minHarvest": -75,
                    "maxHarvest": 1,
                    "maxHarvestIncreasePerFarmingLevel": 0.0
                }
            ]
        },
        {
            "CropName": "Raffadax.RCP_GlassPumpkin",
            "HarvestRules": [
                {
                    "ItemName": "Raffadax.RCP_SilverLeaf",
                    "minHarvest": 2,
                    "maxHarvest": 5,
                    "maxHarvestIncreasePerFarmingLevel": 0.0
                }
            ]
        },
        {
            "CropName": "Golden Pumpkin",
            "HarvestRules": [
                {
                    "ItemName": "Raffadax.RCP_GoldenLeaf",
                    "minHarvest": 2,
                    "maxHarvest": 5,
                    "maxHarvestIncreasePerFarmingLevel": 0.0
                }
            ]
        },
        {
            "CropName": "Grape",
            "HarvestRules": [
                {
                    "ItemName": "Raffadax.RCP_GrapeLeaf",
                    "minHarvest": -1,
                    "maxHarvest": 2,
                    "maxHarvestIncreasePerFarmingLevel": 0.0
                }
            ]
        },
        {
            "CropName": "Raffadax.RCP_GreenBellPepper",
            "HarvestRules": [
                {
                    "ItemName": "Raffadax.RCP_YellowBellPepper",
                    "minHarvest": 0,
                    "maxHarvest": 2,
                    "maxHarvestIncreasePerFarmingLevel": 0.0
                }
            ]
        },
        {
            "CropName": "Hot Pepper",
            "HarvestRules": [
                {
                    "ItemName": "Raffadax.RCP_JalapenoPepper",
                    "minHarvest": -2,
                    "maxHarvest": 2,
                    "maxHarvestIncreasePerFarmingLevel": 0.0
                }
            ]
        },
        {
            "CropName": "Raffadax.RCP_IndicaBud",
            "HarvestRules": [
                {
                    "ItemName": "Raffadax.RCP_HempStalk",
                    "minHarvest": 0,
                    "maxHarvest": 1,
                    "maxHarvestIncreasePerFarmingLevel": 0.0
                },
                {
                    "ItemName": "Raffadax.RCP_MaryJane",
                    "minHarvest": 0,
                    "maxHarvest": 3,
                    "maxHarvestIncreasePerFarmingLevel": 0.0
                }
            ]
        },
        {
            "CropName": "Jack-O-Lantern",
            "HarvestRules": [
                {
                    "ItemName": "Raffadax.RCP_SquashFlower",
                    "minHarvest": -4,
                    "maxHarvest": 1,
                    "maxHarvestIncreasePerFarmingLevel": 0.0
                }
            ]
        },
        {
            "CropName": "Raffadax.RCP_Mandrake",
            "HarvestRules": [
                {
                    "ItemName": "Raffadax.RCP_MandragoraFlower",
                    "minHarvest": 1,
                    "maxHarvest": 2,
                    "maxHarvestIncreasePerFarmingLevel": 0.0
                }
            ]
        },
        {
            "CropName": "Raffadax.RCP_Mugwort",
            "HarvestRules": [
                {
                    "ItemName": "Raffadax.RCP_Artemisia",
                    "minHarvest": -4,
                    "maxHarvest": 1,
                    "maxHarvestIncreasePerFarmingLevel": 0.0
                }
            ]
        },
        {
            "CropName": "Raffadax.RCP_MustardGreens",
            "HarvestRules": [
                {
                    "ItemName": "Raffadax.RCP_BrassicaFlower",
                    "minHarvest": 0,
                    "maxHarvest": 1,
                    "maxHarvestIncreasePerFarmingLevel": 0.0
                },
                {
                    "ItemName": "Raffadax.RCP_MustardSeeds",
                    "minHarvest": -2,
                    "maxHarvest": 1,
                    "maxHarvestIncreasePerFarmingLevel": 0.0
                }
            ]
        },
        {
            "CropName": "Raffadax.RCP_OrangeCarrot",
            "HarvestRules": [
                {
                    "ItemName": "Raffadax.RCP_YellowCarrot",
                    "minHarvest": 1,
                    "maxHarvest": 2,
                    "maxHarvestIncreasePerFarmingLevel": 0.0
                },
                {
                    "ItemName": "Raffadax.RCP_WhiteCarrot",
                    "minHarvest": 1,
                    "maxHarvest": 2,
                    "maxHarvestIncreasePerFarmingLevel": 0.0
                }
            ]
        },
        {
            "CropName": "Raffadax.RCP_PassionFruit",
            "HarvestRules": [
                {
                    "ItemName": "Raffadax.RCP_PassionFlower",
                    "minHarvest": -2,
                    "maxHarvest": 1,
                    "maxHarvestIncreasePerFarmingLevel": 0.0
                }
            ]
        },
        {
            "CropName": "Raffadax.RCP_Peppermint",
            "HarvestRules": [
                {
                    "ItemName": "Raffadax.RCP_MintFlower",
                    "minHarvest": -2,
                    "maxHarvest": 1,
                    "maxHarvestIncreasePerFarmingLevel": 0.0
                }
            ]
        },
        {
            "CropName": "Poppy",
            "HarvestRules": [
                {
                    "ItemName": "Poppy Seeds",
                    "minHarvest": -1,
                    "maxHarvest": 1,
                    "maxHarvestIncreasePerFarmingLevel": 0.0
                }
            ]
        },
        {
            "CropName": "Raffadax.RCP_PortobelloMushroom",
            "HarvestRules": [
                {
                    "ItemName": "Raffadax.RCP_ButtonMushroom",
                    "minHarvest": -1,
                    "maxHarvest": 2,
                    "maxHarvestIncreasePerFarmingLevel": 0.0
                },
                {
                    "ItemName": "Raffadax.RCP_CreminiMushroom",
                    "minHarvest": -2,
                    "maxHarvest": 1,
                    "maxHarvestIncreasePerFarmingLevel": 0.0
                }
            ]
        },
        {
            "CropName": "Raffadax.RCP_PricklyPear",
            "HarvestRules": [
                {
                    "ItemName": "Raffadax.RCP_Nopal",
                    "minHarvest": 0,
                    "maxHarvest": 2,
                    "maxHarvestIncreasePerFarmingLevel": 0.0
                },
                {
                    "ItemName": "Raffadax.RCP_OpuntiaFlower",
                    "minHarvest": -2,
                    "maxHarvest": 1,
                    "maxHarvestIncreasePerFarmingLevel": 0.0
                }
            ]
        },
        {
            "CropName": "Pumpkin",
            "HarvestRules": [
                {
                    "ItemName": "Raffadax.RCP_SquashFlower",
                    "minHarvest": -4,
                    "maxHarvest": 1,
                    "maxHarvestIncreasePerFarmingLevel": 0.0
                }
            ]
        },
        {
            "CropName": "Raffadax.RCP_PurpleBellPepper",
            "HarvestRules": [
                {
                    "ItemName": "Raffadax.RCP_BlackBellPepper",
                    "minHarvest": 0,
                    "maxHarvest": 2,
                    "maxHarvestIncreasePerFarmingLevel": 0.0
                }
            ]
        },
        {
            "CropName": "Raffadax.RCP_PurpleCarrot",
            "HarvestRules": [
                {
                    "ItemName": "Raffadax.RCP_BlackCarrot",
                    "minHarvest": 1,
                    "maxHarvest": 2,
                    "maxHarvestIncreasePerFarmingLevel": 0.0
                },
                {
                    "ItemName": "Raffadax.RCP_RedCarrot",
                    "minHarvest": 1,
                    "maxHarvest": 2,
                    "maxHarvestIncreasePerFarmingLevel": 0.0
                }
            ]
        },
        {
            "CropName": "Raffadax.RCP_Rapini",
            "HarvestRules": [
                {
                    "ItemName": "Raffadax.RCP_BrassicaFlower",
                    "minHarvest": 0,
                    "maxHarvest": 1,
                    "maxHarvestIncreasePerFarmingLevel": 0.0
                }
            ]
        },
        {
            "CropName": "Raffadax.RCP_RedBellPepper",
            "HarvestRules": [
                {
                    "ItemName": "Raffadax.RCP_OrangeBellPepper",
                    "minHarvest": 0,
                    "maxHarvest": 2,
                    "maxHarvestIncreasePerFarmingLevel": 0.0
                }
            ]
        },
        {
            "CropName": "Raffadax.RCP_RedCorn",
            "HarvestRules": [
                {
                    "ItemName": "Raffadax.RCP_Ergot",
                    "minHarvest": -75,
                    "maxHarvest": 1,
                    "maxHarvestIncreasePerFarmingLevel": 0.0
                }
            ]
        },
        {
            "CropName": "Raffadax.RCP_RedOnion",
            "HarvestRules": [
                {
                    "ItemName": "Raffadax.RCP_Allium",
                    "minHarvest": -4,
                    "maxHarvest": 1,
                    "maxHarvestIncreasePerFarmingLevel": 0.0
                },
                {
                    "ItemName": "Raffadax.RCP_GreenOnion",
                    "minHarvest": -1,
                    "maxHarvest": 2,
                    "maxHarvestIncreasePerFarmingLevel": 0.0
                }
            ]
        },
        {
            "CropName": "Raffadax.RCP_RedPeppercorns",
            "HarvestRules": [
                {
                    "ItemName": "Raffadax.RCP_BlackPeppercorns",
                    "minHarvest": -4,
                    "maxHarvest": 1,
                    "maxHarvestIncreasePerFarmingLevel": 0.0
                },
                {
                    "ItemName": "Raffadax.RCP_GreenPeppercorns",
                    "minHarvest": -1,
                    "maxHarvest": 2,
                    "maxHarvestIncreasePerFarmingLevel": 0.0
                }
            ]
        },
        {
            "CropName": "Rhubarb",
            "HarvestRules": [
                {
                    "ItemName": "Raffadax.RCP_RhubarbStalks",
                    "minHarvest": -3,
                    "maxHarvest": 1,
                    "maxHarvestIncreasePerFarmingLevel": 0.0
                }
            ]
        },
        {
            "CropName": "Raffadax.RCP_Rose",
            "HarvestRules": [
                {
                    "ItemName": "Raffadax.RCP_RoseHips",
                    "minHarvest": -1,
                    "maxHarvest": 1,
                    "maxHarvestIncreasePerFarmingLevel": 0.0
                }
            ]
        },
        {
            "CropName": "Raffadax.RCP_Rutabaga",
            "HarvestRules": [
                {
                    "ItemName": "Raffadax.RCP_TurnipGreens",
                    "minHarvest": 0,
                    "maxHarvest": 1,
                    "maxHarvestIncreasePerFarmingLevel": 0.0
                },
                {
                    "ItemName": "Raffadax.RCP_BrassicaFlower",
                    "minHarvest": -4,
                    "maxHarvest": 1,
                    "maxHarvestIncreasePerFarmingLevel": 0.0
                }
            ]
        },
        {
            "CropName": "Raffadax.RCP_Rye",
            "HarvestRules": [
                {
                    "ItemName": "Raffadax.RCP_Ergot",
                    "minHarvest": -50,
                    "maxHarvest": 1,
                    "maxHarvestIncreasePerFarmingLevel": 0.0
                }
            ]
        },
        {
            "CropName": "Raffadax.RCP_Sarsaparilla",
            "HarvestRules": [
                {
                    "ItemName": "Raffadax.RCP_SarsaparillaBerry",
                    "minHarvest": 0,
                    "maxHarvest": 1,
                    "maxHarvestIncreasePerFarmingLevel": 0.0
                }
            ]
        },
        {
            "CropName": "Raffadax.RCP_SativaBud",
            "HarvestRules": [
                {
                    "ItemName": "Raffadax.RCP_HempStalk",
                    "minHarvest": 0,
                    "maxHarvest": 1,
                    "maxHarvestIncreasePerFarmingLevel": 0.0
                },
                {
                    "ItemName": "Raffadax.RCP_TheDevilsLettuce",
                    "minHarvest": 0,
                    "maxHarvest": 3,
                    "maxHarvestIncreasePerFarmingLevel": 0.0
                }
            ]
        },
        {
            "CropName": "Raffadax.RCP_Shamrock",
            "HarvestRules": [
                {
                    "ItemName": "Raffadax.RCP_Clover",
                    "minHarvest": -4,
                    "maxHarvest": 1,
                    "maxHarvestIncreasePerFarmingLevel": 0.0
                },
                {
                    "ItemName": "Raffadax.RCP_LuckyClover",
                    "minHarvest": -20,
                    "maxHarvest": 1,
                    "maxHarvestIncreasePerFarmingLevel": 0.0
                }
            ]
        },
        {
            "CropName": "Raffadax.RCP_Spearmint",
            "HarvestRules": [
                {
                    "ItemName": "Raffadax.RCP_MintFlower",
                    "minHarvest": -2,
                    "maxHarvest": 1,
                    "maxHarvestIncreasePerFarmingLevel": 0.0
                }
            ]
        },
        {
            "CropName": "Spring Onion",
            "HarvestRules": [
                {
                    "ItemName": "Raffadax.RCP_Allium",
                    "minHarvest": -4,
                    "maxHarvest": 1,
                    "maxHarvestIncreasePerFarmingLevel": 0.0
                },
                {
                    "ItemName": "Raffadax.RCP_Scallion",
                    "minHarvest": -2,
                    "maxHarvest": 1,
                    "maxHarvestIncreasePerFarmingLevel": 0.0
                }
            ]
        },
        {
            "CropName": "Raffadax.RCP_Squash",
            "HarvestRules": [
                {
                    "ItemName": "Raffadax.RCP_SquashFlower",
                    "minHarvest": -4,
                    "maxHarvest": 1,
                    "maxHarvestIncreasePerFarmingLevel": 0.0
                }
            ]
        },
        {
            "CropName": "Raffadax.RCP_StingingNettle",
            "HarvestRules": [
                {
                    "ItemName": "Raffadax.RCP_NettleBlossom",
                    "minHarvest": -4,
                    "maxHarvest": 1,
                    "maxHarvestIncreasePerFarmingLevel": 0.0
                }
            ]
        },
        {
            "CropName": "Tea Leaves",
            "HarvestRules": [
                {
                    "ItemName": "Raffadax.RCP_WhiteTeaLeaf",
                    "minHarvest": -25,
                    "maxHarvest": 1,
                    "maxHarvestIncreasePerFarmingLevel": 0.0
                }
            ]
        },
        {
            "CropName": "Tomato",
            "HarvestRules": [
                {
                    "ItemName": "Raffadax.RCP_GreenTomato",
                    "minHarvest": -2,
                    "maxHarvest": 1,
                    "maxHarvestIncreasePerFarmingLevel": 0.0
                }
            ]
        },
        {
            "CropName": "Raffadax.RCP_Topinambur",
            "HarvestRules": [
                {
                    "ItemName": "Raffadax.RCP_Sunchoke",
                    "minHarvest": 1,
                    "maxHarvest": 2,
                    "maxHarvestIncreasePerFarmingLevel": 0.0
                }
            ]
        },
        {
            "CropName": "Raffadax.RCP_Turnip",
            "HarvestRules": [
                {
                    "ItemName": "Raffadax.RCP_TurnipGreens",
                    "minHarvest": 0,
                    "maxHarvest": 1,
                    "maxHarvestIncreasePerFarmingLevel": 0.0
                },
                {
                    "ItemName": "Raffadax.RCP_BrassicaFlower",
                    "minHarvest": -4,
                    "maxHarvest": 1,
                    "maxHarvestIncreasePerFarmingLevel": 0.0
                }
            ]
        },
        {
            "CropName": "Truffle",
            "HarvestRules": [
                {
                    "ItemName": "Raffadax.RCP_BlackTruffle",
                    "minHarvest": -10,
                    "maxHarvest": 1,
                    "maxHarvestIncreasePerFarmingLevel": 0.0
                },
                {
                    "ItemName": "Raffadax.RCP_WhiteTruffle",
                    "minHarvest": -15,
                    "maxHarvest": 1,
                    "maxHarvestIncreasePerFarmingLevel": 0.0
                }
            ]
        },
        {
            "CropName": "Unmilled Rice",
            "HarvestRules": [
                {
                    "ItemName": "Raffadax.RCP_Ergot",
                    "minHarvest": -50,
                    "maxHarvest": 1,
                    "maxHarvestIncreasePerFarmingLevel": 0.0
                }
            ]
        },
        {
            "CropName": "Raffadax.RCP_VanillaBean",
            "HarvestRules": [
                {
                    "ItemName": "Raffadax.RCP_VanillaOrchid",
                    "minHarvest": -4,
                    "maxHarvest": 1,
                    "maxHarvestIncreasePerFarmingLevel": 0.0
                }
            ]
        },
        {
            "CropName": "Wheat",
            "HarvestRules": [
                {
                    "ItemName": "Raffadax.RCP_Ergot",
                    "minHarvest": -50,
                    "maxHarvest": 1,
                    "maxHarvestIncreasePerFarmingLevel": 0.0
                }
            ]
        },
        {
            "CropName": "Raffadax.RCP_WhiteBellPepper",
            "HarvestRules": [
                {
                    "ItemName": "Raffadax.RCP_IvoryBellPepper",
                    "minHarvest": 0,
                    "maxHarvest": 2,
                    "maxHarvestIncreasePerFarmingLevel": 0.0
                }
            ]
        },
        {
            "CropName": "Raffadax.RCP_WhiteGrapes",
            "HarvestRules": [
                {
                    "ItemName": "Raffadax.RCP_GrapeLeaf",
                    "minHarvest": -4,
                    "maxHarvest": 2,
                    "maxHarvestIncreasePerFarmingLevel": 0.0
                }
            ]
        },
        {
            "CropName": "Raffadax.RCP_WhiteOnion",
            "HarvestRules": [
                {
                    "ItemName": "Raffadax.RCP_Allium",
                    "minHarvest": -4,
                    "maxHarvest": 1,
                    "maxHarvestIncreasePerFarmingLevel": 0.0
                },
                {
                    "ItemName": "Raffadax.RCP_GreenOnion",
                    "minHarvest": -1,
                    "maxHarvest": 1,
                    "maxHarvestIncreasePerFarmingLevel": 0.0
                }
            ]
        },
        {
            "CropName": "Raffadax.RCP_WhiteTeaLeaf",
            "HarvestRules": [
                {
                    "ItemName": "Tea Leaves",
                    "minHarvest": -10,
                    "maxHarvest": 1,
                    "maxHarvestIncreasePerFarmingLevel": 0.0
                }
            ]
        },
        {
            "CropName": "Raffadax.RCP_WildBarley",
            "HarvestRules": [
                {
                    "ItemName": "Raffadax.RCP_Ergot",
                    "minHarvest": -50,
                    "maxHarvest": 1,
                    "maxHarvestIncreasePerFarmingLevel": 0.0
                }
            ]
        },
        {
            "CropName": "Raffadax.RCP_WildGrapes",
            "HarvestRules": [
                {
                    "ItemName": "Raffadax.RCP_GrapeLeaf",
                    "minHarvest": -1,
                    "maxHarvest": 2,
                    "maxHarvestIncreasePerFarmingLevel": 0.0
                }
            ]
        },
        {
            "CropName": "Raffadax.RCP_WildOats",
            "HarvestRules": [
                {
                    "ItemName": "Raffadax.RCP_Ergot",
                    "minHarvest": -50,
                    "maxHarvest": 1,
                    "maxHarvestIncreasePerFarmingLevel": 0.0
                }
            ]
        },
        {
            "CropName": "Raffadax.RCP_Wintergreen",
            "HarvestRules": [
                {
                    "ItemName": "Raffadax.RCP_Boxberry",
                    "minHarvest": -4,
                    "maxHarvest": 1,
                    "maxHarvestIncreasePerFarmingLevel": 0.0
                },
                {
                    "ItemName": "Raffadax.RCP_Gultheria",
                    "minHarvest": -4,
                    "maxHarvest": 1,
                    "maxHarvestIncreasePerFarmingLevel": 0.0
                }
            ]
        },
        {
            "CropName": "Raffadax.RCP_Woodruff",
            "HarvestRules": [
                {
                    "ItemName": "Raffadax.RCP_Waldmeister",
                    "minHarvest": -1,
                    "maxHarvest": 1,
                    "maxHarvestIncreasePerFarmingLevel": 0.0
                }
            ]
        },
        {
            "CropName": "Raffadax.RCP_Wormwood",
            "HarvestRules": [
                {
                    "ItemName": "Raffadax.RCP_Artemisia",
                    "minHarvest": -3,
                    "maxHarvest": 1,
                    "maxHarvestIncreasePerFarmingLevel": 0.0
                }
            ]
        },
        {
            "CropName": "Raffadax.RCP_Xoconostle",
            "HarvestRules": [
                {
                    "ItemName": "Raffadax.RCP_Nopal",
                    "minHarvest": 0,
                    "maxHarvest": 2,
                    "maxHarvestIncreasePerFarmingLevel": 0.0
                },
                {
                    "ItemName": "Raffadax.RCP_OpuntiaFlower",
                    "minHarvest": -1,
                    "maxHarvest": 1,
                    "maxHarvestIncreasePerFarmingLevel": 0.0
                }
            ]
        },
        {
            "CropName": "Raffadax.RCP_Yarrow",
            "HarvestRules": [
                {
                    "ItemName": "Raffadax.RCP_YarrowLeaf",
                    "minHarvest": 0,
                    "maxHarvest": 2,
                    "maxHarvestIncreasePerFarmingLevel": 0.0
                },
                {
                    "ItemName": "Raffadax.RCP_YarrowRoot",
                    "minHarvest": -1,
                    "maxHarvest": 1,
                    "maxHarvestIncreasePerFarmingLevel": 0.0
                }
            ]
        },
        {
            "CropName": "Raffadax.RCP_Zucchini",
            "HarvestRules": [
                {
                    "ItemName": "Raffadax.RCP_SquashFlower",
                    "minHarvest": -4,
                    "maxHarvest": 1,
                    "maxHarvestIncreasePerFarmingLevel": 0.0
                }
            ]
        }
    ]
}