{
	"Changes": [

	// Add Amanra as NPC
		{
			"LogName": "Add Amanra",
			"Action": "EditData",
			"Target": "Data/Characters",
			"Entries": {
				"{{Amanra}}": {
					"DisplayName": "[LocalizedText Strings\\NPCNames:{{Amanra}}]",
					"Gender": "Male",
					"Age": "Adult",
					"Manner": "Neutral",
					"SocialAnxiety": "Neutral",
					"Optimism": "Neutral",
					"BirthSeason": "Summer",
					"BirthDay": 21,
					"HomeRegion": "Other",
					"CanSocialize": true,
					"CanCommentOnPurchasedShopItems": false,
					"CanGreetNearbyCharacters": false,
					"CanVisitIsland": false,
					"Calendar": "HiddenUntilMet",
					"SocialTab": "UnknownUntilMet",
					"IntroductionsQuest": false,
					"ItemDeliveryQuests": false,
					"PerfectionScore": true,
					"EndSlideShow": "TrailingGroup",

					"Appearance": [
						{
							"Id": "Default",
							"Portrait": "Portraits/{{Amanra}}",
							"Sprite": "Characters/{{Amanra}}"
						}
					],

		// Default Home
					"Home": [
						{
							"Id": "Default",
							"Condition": null,
							"Location": "Desert",
							"Tile": { "X": 20, "Y": 8 },
							"Direction": "down"
						},
					
		// Home - SVE compat
						{
							"Id": "SVE",
							"Condition": "!{{HasMod|contains=FlashShifter.StardewValleyExpandedCP}}",
							"Location": "Desert",
							"Tile": { "X": 31, "Y": 45 },
							"Direction": "down"
						}
					]
				}
			}
		},

	// Display Name
		{
			"LogName": "Display name in standard location",
			"Target": "Strings/NPCNames",
			"Action": "EditData",
			"Entries": {
				"{{Amanra}}": "{{i18n:Amanra.DisplayName}}"
			}
		},

	// Portraits & sprites
		{
			"LogName": "Amanra's portraits",
			"Action": "Load",
			"Target": "Portraits/{{Amanra}}",
			"FromFile": "assets/textures/Portraits/Amanra.png"
		},
		{
			"LogName": "Amanra's sprites",
			"Action": "Load",
			"Target": "Characters/{{Amanra}}",
			"FromFile": "assets/textures/Characters/Amanra.png"
		},

	// Animations
		{
			"LogName": "Amanra's Animations",
			"Action": "EditData",
      		"Target": "Data/animationDescriptions",
      		"Entries": {
				"{{Lowercase:{{ModID}}}}_amanra_Stand": "16/16 16 16 16 16 16 16 16 16 16 16 17 17 18 18 19 19 16 16 19 16 16 16 16 16 16 16 20 20 16 16 16 16 16 16 16 16 16 16 16 16 20 20 16 16 16 16 16 16/16"
      		}
		},

	// Schedule - load blank
		{
			"LogName": "Blank Schedule",
			"Action": "Load",
			"Target": "Characters/Schedules/Raffadax.RCP_Amanra",
			"FromFile": "assets/data/blank.json"
		},

	// Schedule - Default
		{
			"LogName": "Amanra's Schedule",
			"Action": "EditData",
			"Target": "Characters/Schedules/{{Amanra}}",
			"Entries": {
				"spring": "0 Desert 20 8 2 {{Lowercase:{{ModID}}}}_amanra_Stand/2350 Desert 20 8 2 {{Lowercase:{{ModID}}}}_amanra_Stand/0150 Desert 20 8 2 {{Lowercase:{{ModID}}}}_amanra_Stand",
				"DesertFestival": "0 SkullCave 8 5 2 {{Lowercase:{{ModID}}}}_amanra_Stand/2350 SkullCave 8 5 2 {{Lowercase:{{ModID}}}}_amanra_Stand/0150 SkullCave 8 5 2 {{Lowercase:{{ModID}}}}_amanra_Stand"
			},
			"When": {
				"HasMod|contains=FlashShifter.StardewValleyExpandedCP": false
			}
		},

	// Schedule - SVE compat
		{
			"LogName": "Amanra's Schedule SVE",
			"Action": "EditData",
			"Target": "Characters/Schedules/{{Amanra}}",
			"Entries": {
				"spring": "0 Desert 31 45 2 {{Lowercase:{{ModID}}}}_amanra_Stand/2350 Desert 31 45 2 {{Lowercase:{{ModID}}}}_amanra_Stand/0150 Desert 31 45 2 {{Lowercase:{{ModID}}}}_amanra_Stand",
				"DesertFestival": "0 SkullCave 8 5 2 {{Lowercase:{{ModID}}}}_amanra_Stand/2350 SkullCave 8 5 2 {{Lowercase:{{ModID}}}}_amanra_Stand/0150 SkullCave 8 5 2 {{Lowercase:{{ModID}}}}_amanra_Stand"
			},
			"When": {
				"HasMod|contains=FlashShifter.StardewValleyExpandedCP": true
			}
		},

	// Dialogue - load blank
		{
			"LogName": "Dialogue Amanra",
			"Action": "Load",
			"Target": "Characters/Dialogue/{{Amanra}}",
			"FromFile": "assets/data/blank.json"
		},

	// Dialogue
		{
			"Action": "EditData",
			"Target": "Characters/Dialogue/{{Amanra}}",
			"Entries": {
				"Introduction": "{{i18n:Amanra.Introduction}}",
				"summer_21_1": "{{i18n:Amanra.summer_21_1}}",
                "AcceptGift_(O)StardropTea": "{{i18n:Amanra.GiftLoved}}",
		// 0 HEARTS
				"Mon": "{{i18n:Amanra.Mon}}",
				"Tue": "{{i18n:Amanra.Tue}}",
				"Wed": "{{i18n:Amanra.Wed}}",
				"Thu": "{{i18n:Amanra.Thu}}",
				"Fri": "{{i18n:Amanra.Fri}}",
				"Sat": "{{i18n:Amanra.Sat}}",
				"Sun": "{{i18n:Amanra.Sun}}",
		// 2 HEARTS
				"Mon2": "{{i18n:Amanra.Mon2}}",
				"Tue2": "{{i18n:Amanra.Tue2}}",
				"Wed2": "{{i18n:Amanra.Wed2}}",
				"Thu2": "{{i18n:Amanra.Thu2}}",
				"Fri2": "{{i18n:Amanra.Fri2}}",
				"Sat2": "{{i18n:Amanra.Sat2}}",
				"Sun2": "{{i18n:Amanra.Sun2}}",
		// 4 HEARTS
				"Mon4": "{{i18n:Amanra.Mon4}}",
				"Tue4": "{{i18n:Amanra.Tue4}}",
				"Wed4": "{{i18n:Amanra.Wed4}}",
				"Thu4": "{{i18n:Amanra.Thu4}}",
				"Fri4": "{{i18n:Amanra.Fri4}}",
				"Sat4": "{{i18n:Amanra.Sat4}}",
				"Sun4": "{{i18n:Amanra.Sun4}}",
		// 6 HEARTS
				"Mon6": "{{i18n:Amanra.Mon6}}",
				"Tue6": "{{i18n:Amanra.Tue6}}",
				"Wed6": "{{i18n:Amanra.Wed6}}",
				"Thu6": "{{i18n:Amanra.Thu6}}",
				"Fri6": "{{i18n:Amanra.Fri6}}",
				"Sat6": "{{i18n:Amanra.Sat6}}",
				"Sun6": "{{i18n:Amanra.Sun6}}",
		// 8 HEARTS
				"Mon8": "{{i18n:Amanra.Mon8}}",
				"Tue8": "{{i18n:Amanra.Tue8}}",
				"Wed8": "{{i18n:Amanra.Wed8}}",
				"Thu8": "{{i18n:Amanra.Thu8}}",
				"Fri8": "{{i18n:Amanra.Fri8}}",
				"Sat8": "{{i18n:Amanra.Sat8}}",
				"Sun8": "{{i18n:Amanra.Sun8}}",

		// 10 HEARTS - SPRING
				"spring_Mon10": "{{i18n:Amanra.springMon10}}",
				"spring_Tue10": "{{i18n:Amanra.springTue10}}",
				"spring_Wed10": "{{i18n:Amanra.springWed10}}",
				"spring_Thu10": "{{i18n:Amanra.springThu10}}",
				"spring_Fri10": "{{i18n:Amanra.springFri10}}",
				"spring_Sat10": "{{i18n:Amanra.springSat10}}",
				"spring_Sun10": "{{i18n:Amanra.springSun10}}",

		// 10 HEARTS - SUMMER
				"summer_Mon10": "{{i18n:Amanra.summerMon10}}",
				"summer_Tue10": "{{i18n:Amanra.summerTue10}}",
				"summer_Wed10": "{{i18n:Amanra.summerWed10}}",
				"summer_Thu10": "{{i18n:Amanra.summerThu10}}",
				"summer_Fri10": "{{i18n:Amanra.summerFri10}}",
				"summer_Sat10": "{{i18n:Amanra.summerSat10}}",
				"summer_Sun10": "{{i18n:Amanra.summerSun10}}",

		// 10 HEARTS - FALL
				"fall_Mon10": "{{i18n:Amanra.fallMon10}}",
				"fall_Tue10": "{{i18n:Amanra.fallTue10}}",
				"fall_Wed10": "{{i18n:Amanra.fallWed10}}",
				"fall_Thu10": "{{i18n:Amanra.fallThu10}}",
				"fall_Fri10": "{{i18n:Amanra.fallFri10}}",
				"fall_Sat10": "{{i18n:Amanra.fallSat10}}",
				"fall_Sun10": "{{i18n:Amanra.fallSun10}}",

		// 10 HEARTS - WINTER
				"winter_Mon10": "{{i18n:Amanra.winterMon10}}",
				"winter_Tue10": "{{i18n:Amanra.winterTue10}}",
				"winter_Wed10": "{{i18n:Amanra.winterWed10}}",
				"winter_Thu10": "{{i18n:Amanra.winterThu10}}",
				"winter_Fri10": "{{i18n:Amanra.winterFri10}}",
				"winter_Sat10": "{{i18n:Amanra.winterSat10}}",
				"winter_Sun10": "{{i18n:Amanra.winterSun10}}"
			}
		}
	]
}
