{
	"Changes": [

    // Add Astrid as NPC
		{
			"LogName": "Add Astrid",
			"Action": "EditData",
			"Target": "Data/Characters",
			"Entries": {
				"{{Astrid}}": {
					"DisplayName": "[LocalizedText Strings\\NPCNames:{{Astrid}}]",
					"Gender": "Female",
					"Age": "Adult",
					"Manner": "Neutral",
					"SocialAnxiety": "Neutral",
					"Optimism": "Neutral",
					"BirthSeason": "Winter",
					"BirthDay": 1,
					"HomeRegion": "Other",
					"CanSocialize": true,
					"CanCommentOnPurchasedShopItems": false,
					"CanGreetNearbyCharacters": false,
					"CanVisitIsland": false,
					"Calendar": "HiddenUntilMet",
					"SocialTab": "UnknownUntilMet",
					"IntroductionsQuest": true,
					"ItemDeliveryQuests": false,
					"PerfectionScore": true,
					"EndSlideShow": "TrailingGroup",

					"Appearance": [
						{
							"Id": "Default",
							"Portrait": "Portraits/{{Astrid}}",
							"Sprite": "Characters/{{Astrid}}"
						}
					],

	// Default Home
					"Home": [
						{
							"Id": "Default",
							"Location": "IslandSouthEast",
							"Tile": { "X": 21, "Y": 12 },
							"Direction": "down"
						}
					]

				}
			}
		},

// Display Name
		{
			"LogName": "Display name in standard location",
			"Target": "Strings/NPCNames",
			"Action": "EditData",
			"Entries": {
				"{{Astrid}}": "{{i18n:Astrid.DisplayName}}"
			}
		},

// Portraits & sprites
		{
			"LogName": "Astrid's portraits",
			"Action": "Load",
			"Target": "Portraits/{{Astrid}}",
			"FromFile": "assets/textures/Portraits/Astrid.png"
		},
		{
			"LogName": "Astrid's sprites",
			"Action": "Load",
			"Target": "Characters/{{Astrid}}",
			"FromFile": "assets/textures/Characters/Astrid.png"
		},

// Animations
		{
			"LogName": "Astrid's Animations",
			"Action": "EditData",
      		"Target": "Data/animationDescriptions",
      		"Entries": {
				"{{Lowercase:{{ModID}}}}_astrid_Rain": "18/18 18 18 18 18 18 18 18 18 18 18 19 19 19 18 18 18 18 18 19 18 18 18 18 18 18 18 18 18 18 18 18 18 18 18 18 18 18 18 18 18 18 18 18 18 18 18 18 18/18",
				"{{Lowercase:{{ModID}}}}_astrid_Stand": "16/16 16 16 16 16 16 16 16 16 16 16 17 17 17 16 16 16 16 16 17 16 16 16 16 16 16 16 16 16 16 16 16 16 16 16 16 16 16 16 16 16 16 16 16 16 16 16 16 16/16"
      		}
		},

// Schedule - load blank
		{
			"LogName": "Blank Schedule",
			"Action": "Load",
			"Target": "Characters/schedules/{{Astrid}}",
			"FromFile": "assets/data/blank.json"
		},

// Schedule - Default
		{
			"LogName": "Astrid's Schedule",
			"Action": "EditData",
			"Target": "Characters/schedules/{{Astrid}}",
			"Entries": {
				"spring": "0 IslandSouthEast 21 12 2 {{Lowercase:{{ModID}}}}_astrid_Stand/0620 IslandSouthEast 21 12 2 {{Lowercase:{{ModID}}}}_astrid_Stand/0630 IslandSouthEast 21 12 2 {{Lowercase:{{ModID}}}}_astrid_Stand/2350 IslandSouthEast 21 12 2 {{Lowercase:{{ModID}}}}_astrid_Stand/0150 IslandSouthEast 21 12 2 {{Lowercase:{{ModID}}}}_astrid_Stand",
				"rain": "0 IslandSouthEast 21 12 2 {{Lowercase:{{ModID}}}}_astrid_Rain/0620 IslandSouthEast 21 12 2 {{Lowercase:{{ModID}}}}_astrid_Rain/0630 IslandSouthEast 21 12 2 {{Lowercase:{{ModID}}}}_astrid_Rain/2350 IslandSouthEast 21 12 2 {{Lowercase:{{ModID}}}}_astrid_Rain/0150 IslandSouthEast 21 12 2 {{Lowercase:{{ModID}}}}_astrid_Rain"
			}
		},

// Dialogue - load blank
		{
			"LogName": "Dialogue Astrid",
			"Action": "Load",
			"Target": "Characters/Dialogue/{{Astrid}}",
			"FromFile": "assets/data/blank.json"
		},

// Dialogue
		{
			"Action": "EditData",
			"Target": "Characters/Dialogue/{{Astrid}}",
			"Entries": {
				"Introduction": "{{i18n:Astrid.Introduction}}",
                "AcceptGift_(O)StardropTea": "{{i18n:Astrid.GiftLoved}}",
	// 0 HEARTS
				"Mon": "{{i18n:Astrid.Mon}}",
				"Tue": "{{i18n:Astrid.Tue}}",
				"Wed": "{{i18n:Astrid.Wed}}",
				"Thu": "{{i18n:Astrid.Thu}}",
				"Fri": "{{i18n:Astrid.Fri}}",
				"Sat": "{{i18n:Astrid.Sat}}",
				"Sun": "{{i18n:Astrid.Sun}}",
	// 2 HEARTS
				"Mon2": "{{i18n:Astrid.Mon2}}",
				"Tue2": "{{i18n:Astrid.Tue2}}",
				"Wed2": "{{i18n:Astrid.Wed2}}",
				"Thu2": "{{i18n:Astrid.Thu2}}",
				"Fri2": "{{i18n:Astrid.Fri2}}",
				"Sat2": "{{i18n:Astrid.Sat2}}",
				"Sun2": "{{i18n:Astrid.Sun2}}",
	// 4 HEARTS
				"Mon4": "{{i18n:Astrid.Mon4}}",
				"Tue4": "{{i18n:Astrid.Tue4}}",
				"Wed4": "{{i18n:Astrid.Wed4}}",
				"Thu4": "{{i18n:Astrid.Thu4}}",
				"Fri4": "{{i18n:Astrid.Fri4}}",
				"Sat4": "{{i18n:Astrid.Sat4}}",
				"Sun4": "{{i18n:Astrid.Sun4}}",
	// 6 HEARTS
				"Mon6": "{{i18n:Astrid.Mon6}}",
				"Tue6": "{{i18n:Astrid.Tue6}}",
				"Wed6": "{{i18n:Astrid.Wed6}}",
				"Thu6": "{{i18n:Astrid.Thu6}}",
				"Fri6": "{{i18n:Astrid.Fri6}}",
				"Sat6": "{{i18n:Astrid.Sat6}}",
				"Sun6": "{{i18n:Astrid.Sun6}}",
	// 8 HEARTS
				"Mon8": "{{i18n:Astrid.Mon8}}",
				"Tue8": "{{i18n:Astrid.Tue8}}",
				"Wed8": "{{i18n:Astrid.Wed8}}",
				"Thu8": "{{i18n:Astrid.Thu8}}",
				"Fri8": "{{i18n:Astrid.Fri8}}",
				"Sat8": "{{i18n:Astrid.Sat8}}",
				"Sun8": "{{i18n:Astrid.Sun8}}",

	// 10 HEARTS - SPRING
				"spring_Mon10": "{{i18n:Astrid.springMon10}}",
				"spring_Tue10": "{{i18n:Astrid.springTue10}}",
				"spring_Wed10": "{{i18n:Astrid.springWed10}}",
				"spring_Thu10": "{{i18n:Astrid.springThu10}}",
				"spring_Fri10": "{{i18n:Astrid.springFri10}}",
				"spring_Sat10": "{{i18n:Astrid.springSat10}}",
				"spring_Sun10": "{{i18n:Astrid.springSun10}}",

	// 10 HEARTS - SUMMER
				"summer_Mon10": "{{i18n:Astrid.summerMon10}}",
				"summer_Tue10": "{{i18n:Astrid.summerTue10}}",
				"summer_Wed10": "{{i18n:Astrid.summerWed10}}",
				"summer_Thu10": "{{i18n:Astrid.summerThu10}}",
				"summer_Fri10": "{{i18n:Astrid.summerFri10}}",
				"summer_Sat10": "{{i18n:Astrid.summerSat10}}",
				"summer_Sun10": "{{i18n:Astrid.summerSun10}}",

	// 10 HEARTS - FALL
				"fall_Mon10": "{{i18n:Astrid.fallMon10}}",
				"fall_Tue10": "{{i18n:Astrid.fallTue10}}",
				"fall_Wed10": "{{i18n:Astrid.fallWed10}}",
				"fall_Thu10": "{{i18n:Astrid.fallThu10}}",
				"fall_Fri10": "{{i18n:Astrid.fallFri10}}",
				"fall_Sat10": "{{i18n:Astrid.fallSat10}}",
				"fall_Sun10": "{{i18n:Astrid.fallSun10}}",

	// 10 HEARTS - WINTER
				"winter_Mon10": "{{i18n:Astrid.winterMon10}}",
				"winter_Tue10": "{{i18n:Astrid.winterTue10}}",
				"winter_Wed10": "{{i18n:Astrid.winterWed10}}",
				"winter_Thu10": "{{i18n:Astrid.winterThu10}}",
				"winter_Fri10": "{{i18n:Astrid.winterFri10}}",
				"winter_Sat10": "{{i18n:Astrid.winterSat10}}",
				"winter_Sun10": "{{i18n:Astrid.winterSun10}}"
			}
		}
	]
}
