{
	"Changes": [

// Add Mephisto as NPC
		{
			"LogName": "Add Mephisto",
			"Action": "EditData",
			"Target": "Data/Characters",
			"Entries": {
				"{{Mephisto}}": {
					"DisplayName": "[LocalizedText Strings\\NPCNames:{{Mephisto}}]",
					"Gender": "Male",
					"Age": "Adult",
					"Manner": "Neutral",
					"SocialAnxiety": "Neutral",
					"Optimism": "Neutral",
					"BirthSeason": "Fall",
					"BirthDay": 1,
					"HomeRegion": "Other",
					"CanSocialize": true,
					"CanCommentOnPurchasedShopItems": false,
					"CanGreetNearbyCharacters": false,
					"CanVisitIsland": false,
					"Calendar": "HiddenUntilMet",
					"SocialTab": "UnknownUntilMet",
					"IntroductionsQuest": true,
					"ItemDeliveryQuests": false,
					"PerfectionScore": true,
					"EndSlideShow": "TrailingGroup",

					"Appearance": [
						{
							"Id": "Default",
							"Portrait": "Portraits/{{Mephisto}}",
							"Sprite": "Characters/{{Mephisto}}"
						}
					],

	// Default Home
					"Home": [
						{
							"Id": "Default",
							"Condition": null,
							"Location": "Sewer",
							"Tile": { "X": 14, "Y": 11 },
							"Direction": "down"
						}
					]
				}
			}
		},

// Display Name
		{
			"LogName": "Display name in standard location",
			"Target": "Strings/NPCNames",
			"Action": "EditData",
			"Entries": {
				"{{Mephisto}}": "{{i18n:Mephisto.DisplayName}}"
			}
		},

// Portraits & sprites
		{
			"LogName": "Mephisto's portraits",
			"Action": "Load",
			"Target": "Portraits/{{Mephisto}}",
			"FromFile": "assets/textures/Portraits/Mephisto.png"
		},
		{
			"LogName": "Mephisto's sprites",
			"Action": "Load",
			"Target": "Characters/{{Mephisto}}",
			"FromFile": "assets/textures/Characters/Mephisto.png"
		},

// Animations
		{
			"LogName": "Mephisto's Animations",
			"Action": "EditData",
      		"Target": "Data/animationDescriptions",
      		"Entries": {
				"{{Lowercase:{{ModID}}}}_mephisto_Sit": "16/16 16 16 16 16 16 16 16 16 16 16 16 16 16 16 16 16 16 17 17 18 18 19 19 19 19 18 18 17 17 16 16 16 16 16 16 16 16 16 16 12 12 20 20 12 12 16 16 17 17 16 16 16 16 16 16 16 16 16 16 16 16 16 16 16 17 17 18 18 19 19 18 18 17 17 16 16 16 16 16 16 16 17 17 16 17 16 16 16 16 16 16 12 12 16 16 12 12 16/16",
      		}
		},

// Schedule - load blank
		{
			"LogName": "Blank Schedule",
			"Action": "Load",
			"Target": "Characters/schedules/Raffadax.RCP_Mephisto",
			"FromFile": "assets/data/blank.json"
		},

// Schedule - Default
		{
			"LogName": "Mephisto's Schedule",
			"Action": "EditData",
			"Target": "Characters/schedules/{{Mephisto}}",
			"Entries": {
				"spring": "0610 Sewer 14 11 2 {{Lowercase:{{ModID}}}}_mephisto_Sit/2350 Sewer 14 11 2 {{Lowercase:{{ModID}}}}_mephisto_Sit/0150 Sewer 14 11 2 {{Lowercase:{{ModID}}}}_mephisto_Sit"
			}
		},

//Schedule More Lively Sewer Compat
		{
			"LogName": "Mephisto's Schedule - MLS",
			"Action": "EditData",
			"Target": "Characters/schedules/{{Mephisto}}",
			"When": {
				"HasMod|contains=Aimon111.MoreLivelySewerOverhaul": true
			},
			"Entries": {
				"spring": "0610 Sewer 14 11 2 {{Lowercase:{{ModID}}}}_mephisto_Sit/2350 Sewer 14 11 2 {{Lowercase:{{ModID}}}}_mephisto_Sit/0150 Sewer 14 11 2 {{Lowercase:{{ModID}}}}_mephisto_Sit"
			}
		},

// Dialogue - load blank
		{
			"LogName": "Dialogue Mephisto",
			"Action": "Load",
			"Target": "Characters/Dialogue/{{Mephisto}}",
			"FromFile": "assets/data/blank.json"
		},

// Dialogue
		{
			"Action": "EditData",
			"Target": "Characters/Dialogue/{{Mephisto}}",
			"Entries": {
				"Introduction": "{{i18n:Mephisto.Introduction}}",
				"summer_21_1": "{{i18n:Mephisto.summer_21_1}}",
				"winter_21_1": "{{i18n:Mephisto.winter_21_1}}",
                "AcceptGift_(O)StardropTea": "{{i18n:Mephisto.GiftLoved}}",
	// 0 HEARTS
				"Mon": "{{i18n:Mephisto.Mon}}",
				"Tue": "{{i18n:Mephisto.Tue}}",
				"Wed": "{{i18n:Mephisto.Wed}}",
				"Thu": "{{i18n:Mephisto.Thu}}",
				"Fri": "{{i18n:Mephisto.Fri}}",
				"Sat": "{{i18n:Mephisto.Sat}}",
				"Sun": "{{i18n:Mephisto.Sun}}",
	// 2 HEARTS
				"Mon2": "{{i18n:Mephisto.Mon2}}",
				"Tue2": "{{i18n:Mephisto.Tue2}}",
				"Wed2": "{{i18n:Mephisto.Wed2}}",
				"Thu2": "{{i18n:Mephisto.Thu2}}",
				"Fri2": "{{i18n:Mephisto.Fri2}}",
				"Sat2": "{{i18n:Mephisto.Sat2}}",
				"Sun2": "{{i18n:Mephisto.Sun2}}",
	// 4 HEARTS
				"Mon4": "{{i18n:Mephisto.Mon4}}",
				"Tue4": "{{i18n:Mephisto.Tue4}}",
				"Wed4": "{{i18n:Mephisto.Wed4}}",
				"Thu4": "{{i18n:Mephisto.Thu4}}",
				"Fri4": "{{i18n:Mephisto.Fri4}}",
				"Sat4": "{{i18n:Mephisto.Sat4}}",
				"Sun4": "{{i18n:Mephisto.Sun4}}",
	// 6 HEARTS
				"Mon6": "{{i18n:Mephisto.Mon6}}",
				"Tue6": "{{i18n:Mephisto.Tue6}}",
				"Wed6": "{{i18n:Mephisto.Wed6}}",
				"Thu6": "{{i18n:Mephisto.Thu6}}",
				"Fri6": "{{i18n:Mephisto.Fri6}}",
				"Sat6": "{{i18n:Mephisto.Sat6}}",
				"Sun6": "{{i18n:Mephisto.Sun6}}",
	// 8 HEARTS
				"Mon8": "{{i18n:Mephisto.Mon8}}",
				"Tue8": "{{i18n:Mephisto.Tue8}}",
				"Wed8": "{{i18n:Mephisto.Wed8}}",
				"Thu8": "{{i18n:Mephisto.Thu8}}",
				"Fri8": "{{i18n:Mephisto.Fri8}}",
				"Sat8": "{{i18n:Mephisto.Sat8}}",
				"Sun8": "{{i18n:Mephisto.Sun8}}",

	// 10 HEARTS - SPRING
				"spring_Mon10": "{{i18n:Mephisto.springMon10}}",
				"spring_Tue10": "{{i18n:Mephisto.springTue10}}",
				"spring_Wed10": "{{i18n:Mephisto.springWed10}}",
				"spring_Thu10": "{{i18n:Mephisto.springThu10}}",
				"spring_Fri10": "{{i18n:Mephisto.springFri10}}",
				"spring_Sat10": "{{i18n:Mephisto.springSat10}}",
				"spring_Sun10": "{{i18n:Mephisto.springSun10}}",

	// 10 HEARTS - SUMMER
				"summer_Mon10": "{{i18n:Mephisto.summerMon10}}",
				"summer_Tue10": "{{i18n:Mephisto.summerTue10}}",
				"summer_Wed10": "{{i18n:Mephisto.summerWed10}}",
				"summer_Thu10": "{{i18n:Mephisto.summerThu10}}",
				"summer_Fri10": "{{i18n:Mephisto.summerFri10}}",
				"summer_Sat10": "{{i18n:Mephisto.summerSat10}}",
				"summer_Sun10": "{{i18n:Mephisto.summerSun10}}",

	// 10 HEARTS - FALL
				"fall_Mon10": "{{i18n:Mephisto.fallMon10}}",
				"fall_Tue10": "{{i18n:Mephisto.fallTue10}}",
				"fall_Wed10": "{{i18n:Mephisto.fallWed10}}",
				"fall_Thu10": "{{i18n:Mephisto.fallThu10}}",
				"fall_Fri10": "{{i18n:Mephisto.fallFri10}}",
				"fall_Sat10": "{{i18n:Mephisto.fallSat10}}",
				"fall_Sun10": "{{i18n:Mephisto.fallSun10}}",

	// 10 HEARTS - WINTER
				"winter_Mon10": "{{i18n:Mephisto.winterMon10}}",
				"winter_Tue10": "{{i18n:Mephisto.winterTue10}}",
				"winter_Wed10": "{{i18n:Mephisto.winterWed10}}",
				"winter_Thu10": "{{i18n:Mephisto.winterThu10}}",
				"winter_Fri10": "{{i18n:Mephisto.winterFri10}}",
				"winter_Sat10": "{{i18n:Mephisto.winterSat10}}",
				"winter_Sun10": "{{i18n:Mephisto.winterSun10}}"
			}
		}
	]
}
