{
	"Changes": [

	// Add Puck as NPC
		{
			"LogName": "Add Puck",
			"Action": "EditData",
			"Target": "Data/Characters",
			"Entries": {
				"{{Puck}}": {
					"DisplayName": "[LocalizedText Strings\\NPCNames:{{Puck}}]",
					"Gender": "Male",
					"Age": "Adult",
					"Manner": "Neutral",
					"SocialAnxiety": "Neutral",
					"Optimism": "Neutral",
					"BirthSeason": "Fall",
					"BirthDay": 21,
					"HomeRegion": "Other",
					"CanSocialize": true,
					"CanCommentOnPurchasedShopItems": false,
					"CanGreetNearbyCharacters": false,
					"CanVisitIsland": false,
					"Calendar": "HiddenUntilMet",
					"SocialTab": "UnknownUntilMet",
					"IntroductionsQuest": false,
					"ItemDeliveryQuests": false,
					"PerfectionScore": true,
					"EndSlideShow": "TrailingGroup",

					"Appearance": [
						{
							"Id": "Default",
							"Portrait": "Portraits/{{Puck}}",
							"Sprite": "Characters/{{Puck}}"
						}
					],

		// Default Home
					"Home": [
						{
							"Id": "Default",
							"Condition": null,
							"Location": "Woods",
							"Tile": { "X": 29, "Y": 5 },
							"Direction": "down"
						},

		// Home - SVE compat
						{
							"Id": "SVE",
							"Condition": "!{{HasMod|contains=FlashShifter.StardewValleyExpandedCP}}",
							"Location": "Woods",
							"Tile": { "X": 34, "Y": 46 },
							"Direction": "down"
						}
					]
				}
			}
		},

	// Display Name
		{
			"LogName": "Display name in standard location",
			"Target": "Strings/NPCNames",
			"Action": "EditData",
			"Entries": {
				"{{Puck}}": "{{i18n:Puck.DisplayName}}"
			}
		},

	// Portraits & sprites
		{
			"LogName": "Puck's portraits",
			"Action": "Load",
			"Target": "Portraits/{{Puck}}",
			"FromFile": "assets/textures/Portraits/Puck.png"
		},
		{
			"LogName": "Puck's sprites",
			"Action": "Load",
			"Target": "Characters/{{Puck}}",
			"FromFile": "assets/textures/Characters/Puck.png"
		},

	// Animations
		{
			"LogName": "Puck's Animations",
			"Action": "EditData",
      		"Target": "Data/animationDescriptions",
      		"Entries": {
				"{{Lowercase:{{ModID}}}}_puck_Sit": "16/16 16 16 16 16 16 16 16 16 16 16 16 16 16 16 16 16 16 17 17 16 16 16 16 16 16 16 16 16 16 16 16 16 17 16 16 16 16 16 16 16 16 16 16 16 16 16 16 16 18 18 16 18 16 18 16 16 16 16 16 16 16 17 17 16 17 16 16 16 16 16 16 16 16 16 16 16/16",
				"{{Lowercase:{{ModID}}}}_puck_Rain": "19/19 19 19 19 19 19 19 19 19 19 19 19 19 19 19 19 19 19 19 19 19 17 17 19 19 17 19 17 19 19 19 19 19/19"
      		}
		},

	// Schedule - load blank
		{
			"LogName": "Blank Schedule",
			"Action": "Load",
			"Target": "Characters/schedules/{{Puck}}",
			"FromFile": "assets/data/blank.json"
		},

	// Schedule - Default
		{
			"LogName": "Puck's Schedule",
			"Action": "EditData",
			"Target": "Characters/schedules/{{Puck}}",
            "When": {
				"HasMod|contains=FlashShifter.StardewValleyExpandedCP": false
			},
			"Entries": {
				"spring": "0 Woods 29 5 2 {{Lowercase:{{ModID}}}}_puck_Sit/2350 Woods 29 5 2 {{Lowercase:{{ModID}}}}_puck_Sit/0150 Woods 29 5 2 {{Lowercase:{{ModID}}}}_puck_Sit",
				"rain": "0 Woods 29 5 2 {{Lowercase:{{ModID}}}}_puck_Rain/2350 Woods 29 5 2 {{Lowercase:{{ModID}}}}_puck_Rain/0150 Woods 29 5 2 {{Lowercase:{{ModID}}}}_puck_Rain"
			}
		},

	// Schedule - SVE
		{
			"LogName": "Puck's Schedule SVE",
			"Action": "EditData",
			"Target": "Characters/schedules/{{Puck}}",
            "When": {
				"HasMod|contains=FlashShifter.StardewValleyExpandedCP": true
			},
			"Entries": {
				"spring": "0 Woods 34 46 2 {{Lowercase:{{ModID}}}}_puck_Sit/2350 Woods 34 46 2 {{Lowercase:{{ModID}}}}_puck_Sit/0150 Woods 34 46 2 {{Lowercase:{{ModID}}}}_puck_Sit",
				"rain": "0 Woods 34 46 2 {{Lowercase:{{ModID}}}}_puck_Rain/2350 Woods 34 46 2 {{Lowercase:{{ModID}}}}_puck_Rain/0150 Woods 34 46 2 {{Lowercase:{{ModID}}}}_puck_Rain"
			}
		},

	// Dialogue - load blank
		{
			"LogName": "Dialogue Puck",
			"Action": "Load",
			"Target": "Characters/Dialogue/{{Puck}}",
			"FromFile": "assets/data/blank.json"
		},

	// Dialogue
		{
			"Action": "EditData",
			"Target": "Characters/Dialogue/{{Puck}}",
			"Entries": {
				"Introduction": "{{i18n:Puck.Introduction}}",
				"summer_21_1": "{{i18n:Puck.summer_21_1}}",
                "AcceptGift_(O)StardropTea": "{{i18n:Puck.GiftLoved}}",
		// 0 HEARTS
				"Mon": "{{i18n:Puck.Mon}}",
				"Tue": "{{i18n:Puck.Tue}}",
				"Wed": "{{i18n:Puck.Wed}}",
				"Thu": "{{i18n:Puck.Thu}}",
				"Fri": "{{i18n:Puck.Fri}}",
				"Sat": "{{i18n:Puck.Sat}}",
				"Sun": "{{i18n:Puck.Sun}}",
		// 2 HEARTS
				"Mon2": "{{i18n:Puck.Mon2}}",
				"Tue2": "{{i18n:Puck.Tue2}}",
				"Wed2": "{{i18n:Puck.Wed2}}",
				"Thu2": "{{i18n:Puck.Thu2}}",
				"Fri2": "{{i18n:Puck.Fri2}}",
				"Sat2": "{{i18n:Puck.Sat2}}",
				"Sun2": "{{i18n:Puck.Sun2}}",
		// 4 HEARTS
				"Mon4": "{{i18n:Puck.Mon4}}",
				"Tue4": "{{i18n:Puck.Tue4}}",
				"Wed4": "{{i18n:Puck.Wed4}}",
				"Thu4": "{{i18n:Puck.Thu4}}",
				"Fri4": "{{i18n:Puck.Fri4}}",
				"Sat4": "{{i18n:Puck.Sat4}}",
				"Sun4": "{{i18n:Puck.Sun4}}",
		// 6 HEARTS
				"Mon6": "{{i18n:Puck.Mon6}}",
				"Tue6": "{{i18n:Puck.Tue6}}",
				"Wed6": "{{i18n:Puck.Wed6}}",
				"Thu6": "{{i18n:Puck.Thu6}}",
				"Fri6": "{{i18n:Puck.Fri6}}",
				"Sat6": "{{i18n:Puck.Sat6}}",
				"Sun6": "{{i18n:Puck.Sun6}}",
		// 8 HEARTS
				"Mon8": "{{i18n:Puck.Mon8}}",
				"Tue8": "{{i18n:Puck.Tue8}}",
				"Wed8": "{{i18n:Puck.Wed8}}",
				"Thu8": "{{i18n:Puck.Thu8}}",
				"Fri8": "{{i18n:Puck.Fri8}}",
				"Sat8": "{{i18n:Puck.Sat8}}",
				"Sun8": "{{i18n:Puck.Sun8}}",

		// 10 HEARTS - SPRING
				"spring_Mon10": "{{i18n:Puck.springMon10}}",
				"spring_Tue10": "{{i18n:Puck.springTue10}}",
				"spring_Wed10": "{{i18n:Puck.springWed10}}",
				"spring_Thu10": "{{i18n:Puck.springThu10}}",
				"spring_Fri10": "{{i18n:Puck.springFri10}}",
				"spring_Sat10": "{{i18n:Puck.springSat10}}",
				"spring_Sun10": "{{i18n:Puck.springSun10}}",

		// 10 HEARTS - SUMMER
				"summer_Mon10": "{{i18n:Puck.summerMon10}}",
				"summer_Tue10": "{{i18n:Puck.summerTue10}}",
				"summer_Wed10": "{{i18n:Puck.summerWed10}}",
				"summer_Thu10": "{{i18n:Puck.summerThu10}}",
				"summer_Fri10": "{{i18n:Puck.summerFri10}}",
				"summer_Sat10": "{{i18n:Puck.summerSat10}}",
				"summer_Sun10": "{{i18n:Puck.summerSun10}}",

		// 10 HEARTS - FALL
				"fall_Mon10": "{{i18n:Puck.fallMon10}}",
				"fall_Tue10": "{{i18n:Puck.fallTue10}}",
				"fall_Wed10": "{{i18n:Puck.fallWed10}}",
				"fall_Thu10": "{{i18n:Puck.fallThu10}}",
				"fall_Fri10": "{{i18n:Puck.fallFri10}}",
				"fall_Sat10": "{{i18n:Puck.fallSat10}}",
				"fall_Sun10": "{{i18n:Puck.fallSun10}}",

		// 10 HEARTS - WINTER
				"winter_Mon10": "{{i18n:Puck.winterMon10}}",
				"winter_Tue10": "{{i18n:Puck.winterTue10}}",
				"winter_Wed10": "{{i18n:Puck.winterWed10}}",
				"winter_Thu10": "{{i18n:Puck.winterThu10}}",
				"winter_Fri10": "{{i18n:Puck.winterFri10}}",
				"winter_Sat10": "{{i18n:Puck.winterSat10}}",
				"winter_Sun10": "{{i18n:Puck.winterSun10}}"
			}
		}
	]
}
