{
    "Changes": [
    // OBJECTS    
        {
            "LogName": "Raffadax Object Textures - Crops",
            "Action": "Load",
            "Target": "Mods/{{ModId}}/Objects/Crops",
            "FromFile": "assets/textures/cropobjects.png"
        },
        {
            "LogName": "Raffadax Crop Textures",
            "Action": "Load",
            "Target": "Mods/{{ModId}}/Crops",
            "FromFile": "assets/textures/crops.png"
        },
        {
            "LogName": "Raffadax Giant Crop Textures",
            "Action": "Load",
            "Target": "Mods/{{ModId}}/GiantCrops",
            "FromFile": "assets/textures/giantcrops.png"
        },
        {
            "LogName": "Raffadax Object Textures - FruitTrees",
            "Action": "Load",
            "Target": "Mods/{{ModId}}/Objects/FruitTrees",
            "FromFile": "assets/textures/treeobjects.png"
        },
        {
            "LogName": "Raffadax Tree Textures",
            "Action": "Load",
            "Target": "Mods/{{ModId}}/Trees",
            "FromFile": "assets/textures/fruittrees.png"
        },
        {
            "LogName": "Raffadax Weapon Textures",
            "Action": "Load",
            "Target": "Mods/{{ModId}}/Weapons",
            "FromFile": "assets/textures/weaponobjects.png"
        },
        {
            "LogName": "Raffadax Object Textures - Artisan",
            "Action": "Load",
            "Target": "Mods/{{ModId}}/Objects/Artisan",
            "FromFile": "assets/textures/artisanobjects.png"
        },
        {
            "LogName": "Raffadax Big Object Textures - Artisan Machines",
            "Action": "Load",
            "Target": "Mods/{{ModId}}/BigObjects/Artisan",
            "FromFile": "assets/textures/artisanmachines.png"
        },

    // MAIL BACKGROUNDS
        {
            "LogName": "Raffadax Mail Backgrounds - Amanra",
            "Action": "Load",
            "Target": "Mods/{{ModId}}/MailBackgrounds/AmanraBG",
            "FromFile": "assets/textures/Mail/AmanraBG.png"
        },
        {
            "LogName": "Raffadax Mail Backgrounds - Astrid",
            "Action": "Load",
            "Target": "Mods/{{ModId}}/MailBackgrounds/AstridBG",
            "FromFile": "assets/textures/Mail/AstridBG.png"
        },
        {
            "LogName": "Raffadax Mail Backgrounds - Coyote",
            "Action": "Load",
            "Target": "Mods/{{ModId}}/MailBackgrounds/CoyoteBG",
            "FromFile": "assets/textures/Mail/CoyoteBG.png"
        },
        {
            "LogName": "Raffadax Mail Backgrounds - Mephisto",
            "Action": "Load",
            "Target": "Mods/{{ModId}}/MailBackgrounds/MephistoBG",
            "FromFile": "assets/textures/Mail/MephistoBG.png"
        },
        {
            "LogName": "Raffadax Mail Backgrounds - Puck",
            "Action": "Load",
            "Target": "Mods/{{ModId}}/MailBackgrounds/PuckBG",
            "FromFile": "assets/textures/Mail/PuckBG.png"
        },
        {
            "LogName": "Raffadax Mail Backgrounds - Shuck",
            "Action": "Load",
            "Target": "Mods/{{ModId}}/MailBackgrounds/ShuckBG",
            "FromFile": "assets/textures/Mail/ShuckBG.png"
        },
        {
            "LogName": "Raffadax Mail Backgrounds - Xolotl",
            "Action": "Load",
            "Target": "Mods/{{ModId}}/MailBackgrounds/XolotlBG",
            "FromFile": "assets/textures/Mail/XolotlBG.png"
        },
        {
            "LogName": "Raffadax Mail Backgrounds - All",
            "Action": "Load",
            "Target": "Mods/{{ModId}}/MailBackgrounds/AllBG",
            "FromFile": "assets/textures/Mail/AllBG.png"
        },

    // MAP EDITS
        {
            "LogName": "Raffadax Desert Map edits",
            "Action": "Load",
            "Target": "Mods/{{ModId}}/Maps/DesertEdits",
            "FromFile": "assets/textures/Maps/DesertEdits.tmx"
        },
        {
            "LogName": "Raffadax Desert Map edits - SVE compat",
            "Action": "Load",
            "Target": "Mods/{{ModId}}/Maps/DesertEditsSVE",
            "FromFile": "assets/textures/Maps/DesertEditsSVE.tmx"
        },
        {
            "LogName": "Raffadax Desert Map edits - Festival",
            "Action": "Load",
            "Target": "Mods/{{ModId}}/Maps/SkullCaveEdits",
            "FromFile": "assets/textures/Maps/SkullCaveEdits.tmx"
        },
        {
            "LogName": "Raffadax Mountain Map edits",
            "Action": "Load",
            "Target": "Mods/{{ModId}}/Maps/MountainEdits",
            "FromFile": "assets/textures/Maps/MountainEdits.tmx"
        },
        {
            "LogName": "Raffadax Mountain Map edits - MLQ compat",
            "Action": "Load",
            "Target": "Mods/{{ModId}}/Maps/MountainEditsMLQ",
            "FromFile": "assets/textures/Maps/MountainEditsMLQ.tmx"
        },
        {
            "LogName": "Raffadax Sewer Map Edits",
            "Action": "Load",
            "Target": "Mods/{{ModID}}/Maps/SewerEdits",
            "FromFile": "assets/textures/Maps/SewerEdits.tmx"
        },
        {
            "LogName": "Raffadax Sewer Map Edits - MLS compat",
            "Action": "Load",
            "Target": "Mods/{{ModID}}/Maps/SewerEditsMLS",
            "FromFile":"assets/textures/Maps/SewerEditsMLS.tmx"
        },
        {
            "LogName": "Raffadax Woods Map Edits",
            "Action": "Load",
            "Target": "Mods/{{ModId}}/Maps/WoodsEdits",
            "FromFile": "assets/textures/Maps/WoodsEdits.tmx"
        },
        {
            "LogName": "Raffadax Woods Map Edits - SVE compat",
            "Action": "Load",
            "Target": "Mods/{{ModId}}/Maps/WoodsEditsSVE",
            "FromFile": "assets/textures/Maps/WoodsEditsSVE.tmx"
        }
    ]
}