{
    "Changes": [
        {
            "LogName": "Raffadax Mail",
            "Action": "EditData",
            "Target": "Data/Mail",
            "Entries": {
                "{{ModId}}_Amanra.Introduction": "{{i18n:Amanra.Introduction.MailText}} [letterbg Mods/Raffadax.RCP/MailBackgrounds/AmanraBG 0] [textcolor black] %item object Raffadax.RCP_ThymeSeeds 1%%[#]{{i18n:Amanra.Introduction.MailTitle}}",
                "{{ModId}}_Amanra.2Heart": "{{i18n:Amanra.2Heart.MailText}} [letterbg Mods/Raffadax.RCP/MailBackgrounds/AmanraBG 0] [textcolor black] %item object Raffadax.RCP_MarjoramSeeds 1%%[#]{{i18n:Amanra.2Heart.MailTitle}}",
                "{{ModId}}_Amanra.4Heart": "{{i18n:Amanra.4Heart.MailText}} [letterbg Mods/Raffadax.RCP/MailBackgrounds/AmanraBG 0] [textcolor black] %item object Raffadax.RCP_FenugreekSeeds 1%%[#]{{i18n:Amanra.4Heart.MailTitle}}",
                "{{ModId}}_Amanra.6Heart": "{{i18n:Amanra.6Heart.MailText}} [letterbg Mods/Raffadax.RCP/MailBackgrounds/AmanraBG 0] [textcolor black] %item object Raffadax.RCP_ChamomileSeeds 1%%[#]{{i18n:Amanra.6Heart.MailTitle}}",
                "{{ModId}}_Amanra.8Heart": "{{i18n:Amanra.8Heart.MailText}} [letterbg Mods/Raffadax.RCP/MailBackgrounds/AmanraBG 0] [textcolor black] %item object Raffadax.RCP_BlackSesameSeeds 1%%[#]{{i18n:Amanra.8Heart.MailTitle}}",
                "{{ModId}}_Amanra.10Heart": "{{i18n:Amanra.10Heart.MailText}} [letterbg Mods/Raffadax.RCP/MailBackgrounds/AmanraBG 0] [textcolor black] %item object Raffadax.RCP_GreenCardamomSeeds 1%%[#]{{i18n:Amanra.10Heart.MailTitle}}",
                "{{ModId}}_Astrid.Introduction": "{{i18n:Astrid.Introduction.MailText}} [letterbg Mods/Raffadax.RCP/MailBackgrounds/AstridBG 0] [textcolor black] %item object Raffadax.RCP_WildBarleySeeds 1%%[#]{{i18n:Astrid.Introduction.MailTitle}}",
                "{{ModId}}_Astrid.2Heart": "{{i18n:Astrid.2Heart.MailText}} [letterbg Mods/Raffadax.RCP/MailBackgrounds/AstridBG 0] [textcolor black] %item object Raffadax.RCP_WildOatSeeds 1%%[#]{{i18n:Astrid.2Heart.MailTitle}}",
                "{{ModId}}_Astrid.4Heart": "{{i18n:Astrid.4Heart.MailText}} [letterbg Mods/Raffadax.RCP/MailBackgrounds/AstridBG 0] [textcolor black] %item object Raffadax.RCP_RyeSeeds 1%%[#]{{i18n:Astrid.4Heart.MailTitle}}",
                "{{ModId}}_Astrid.6Heart": "{{i18n:Astrid.6Heart.MailText}} [letterbg Mods/Raffadax.RCP/MailBackgrounds/AstridBG 0] [textcolor black] %item object Raffadax.RCP_WintergreenSeeds 1%%[#]{{i18n:Astrid.6Heart.MailTitle}}",
                "{{ModId}}_Astrid.8Heart": "{{i18n:Astrid.8Heart.MailText}} [letterbg Mods/Raffadax.RCP/MailBackgrounds/AstridBG 0] [textcolor black] %item object Raffadax.RCP_YarrowSeeds 1%%[#]{{i18n:Astrid.8Heart.MailTitle}}",
                "{{ModId}}_Astrid.10Heart": "{{i18n:Astrid.10Heart.MailText}} [letterbg Mods/Raffadax.RCP/MailBackgrounds/AstridBG 0] [textcolor black] %item object Raffadax.RCP_BlueLotusStarter 1%%[#]{{i18n:Astrid.10Heart.MailTitle}}",
                "{{ModId}}_Coyote.Introduction": "{{i18n:Coyote.Introduction.MailText}} [letterbg Mods/Raffadax.RCP/MailBackgrounds/CoyoteBG 0] [textcolor black] %item object Raffadax.RCP_DandelionSeeds 1%%[#]{{i18n:Coyote.Introduction.MailTitle}}",
                "{{ModId}}_Coyote.2Heart": "{{i18n:Coyote.2Heart.MailText}} [letterbg Mods/Raffadax.RCP/MailBackgrounds/CoyoteBG 0] [textcolor black] %item object Raffadax.RCP_DaffodilSeeds 1%%[#]{{i18n:Coyote.2Heart.MailTitle}}",
                "{{ModId}}_Coyote.4Heart": "{{i18n:Coyote.4Heart.MailText}} [letterbg Mods/Raffadax.RCP/MailBackgrounds/CoyoteBG 0] [textcolor black] %item object Raffadax.RCP_HawkweedSeeds 1%%[#]{{i18n:Coyote.4Heart.MailTitle}}",
                "{{ModId}}_Coyote.6Heart": "{{i18n:Coyote.6Heart.MailText}} [letterbg Mods/Raffadax.RCP/MailBackgrounds/CoyoteBG 0] [textcolor black] %item object Raffadax.RCP_FireWheelSeeds 1%%[#]{{i18n:Coyote.6Heart.MailTitle}}",
                "{{ModId}}_Coyote.8Heart": "{{i18n:Coyote.8Heart.MailText}} [letterbg Mods/Raffadax.RCP/MailBackgrounds/CoyoteBG 0] [textcolor black] %item object Raffadax.RCP_FernStarter 1%%[#]{{i18n:Coyote.8Heart.MailTitle}}",
                "{{ModId}}_Coyote.10Heart": "{{i18n:Coyote.10Heart.MailText}} [letterbg Mods/Raffadax.RCP/MailBackgrounds/CoyoteBG 0] [textcolor black] %item object Raffadax.RCP_TruffleStarter 1%%[#]{{i18n:Coyote.10Heart.MailTitle}}",
                "{{ModId}}_Mephisto.Introduction": "{{i18n:Mephisto.Introduction.MailText}} [letterbg Mods/Raffadax.RCP/MailBackgrounds/MephistoBG 0] [textcolor black] %item object Raffadax.RCP_RoastingPouch 10%%[#]{{i18n:Mephisto.Introduction.MailTitle}}",
                "{{ModId}}_Mephisto.2Heart": "{{i18n:Mephisto.2Heart.MailText}} [letterbg Mods/Raffadax.RCP/MailBackgrounds/MephistoBG 0] [textcolor black] %item object Raffadax.RCP_ClimateControlPouch 10%%[#]{{i18n:Mephisto.2Heart.MailTitle}}",
                "{{ModId}}_Mephisto.4Heart": "{{i18n:Mephisto.4Heart.MailText}} [letterbg Mods/Raffadax.RCP/MailBackgrounds/MephistoBG 0] [textcolor black] %item object Raffadax.RCP_MillingPouch 10%%[#]{{i18n:Mephisto.4Heart.MailTitle}}",
                "{{ModId}}_Mephisto.6Heart": "{{i18n:Mephisto.6Heart.MailText}} [letterbg Mods/Raffadax.RCP/MailBackgrounds/MephistoBG 0] [textcolor black] %item object Raffadax.RCP_CryonicPouch 10%%[#]{{i18n:Mephisto.6Heart.MailTitle}}",
                "{{ModId}}_Mephisto.8Heart": "{{i18n:Mephisto.8Heart.MailText}} [letterbg Mods/Raffadax.RCP/MailBackgrounds/MephistoBG 0] [textcolor black] %item object Raffadax.RCP_SolarPouch 10%%[#]{{i18n:Mephisto.8Heart.MailTitle}}",
                "{{ModId}}_Mephisto.10Heart": "{{i18n:Mephisto.10Heart.MailText}} [letterbg Mods/Raffadax.RCP/MailBackgrounds/MephistoBG 0] [textcolor black] %item object Raffadax.RCP_UmbraPouch 10%%[#]{{i18n:Mephisto.10Heart.MailTitle}}",
                "{{ModId}}_Puck.Greeting": "{{i18n:Puck.Greeting.MailText}} [letterbg Mods/Raffadax.RCP/MailBackgrounds/PuckBG 0] [textcolor black] %item object Raffadax.RCP_SageSeeds 1%%[#]{{i18n:Puck.Greeting.MailTitle}}",
                "{{ModId}}_Puck.2Heart": "{{i18n:Puck.2Heart.MailText}} [letterbg Mods/Raffadax.RCP/MailBackgrounds/PuckBG 0] [textcolor black] %item object Raffadax.RCP_CucumberStarter 1%%[#]{{i18n:Puck.2Heart.MailTitle}}",
                "{{ModId}}_Puck.4Heart": "{{i18n:Puck.4Heart.MailText}} [letterbg Mods/Raffadax.RCP/MailBackgrounds/PuckBG 0] [textcolor black] %item object Raffadax.RCP_FoxgloveSeeds 1%%[#]{{i18n:Puck.4Heart.MailTitle}}",
                "{{ModId}}_Puck.6Heart": "{{i18n:Puck.6Heart.MailText}} [letterbg Mods/Raffadax.RCP/MailBackgrounds/PuckBG 0] [textcolor black] %item object Raffadax.RCP_DryadsSaddleStarter 1%%[#]{{i18n:Puck.6Heart.MailTitle}}",
                "{{ModId}}_Puck.8Heart": "{{i18n:Puck.8Heart.MailText}} [letterbg Mods/Raffadax.RCP/MailBackgrounds/PuckBG 0] [textcolor black] %item object Raffadax.RCP_WoodruffSeeds 1%%[#]{{i18n:Puck.8Heart.MailTitle}}",
                "{{ModId}}_Puck.10Heart": "{{i18n:Puck.10Heart.MailText}} [letterbg Mods/Raffadax.RCP/MailBackgrounds/PuckBG 0] [textcolor black] %item object Raffadax.RCP_CloverPatchStarter 10%%[#]{{i18n:Puck.10Heart.MailTitle}}",
                "{{ModId}}_Shuck.Greeting": "{{i18n:Shuck.Greeting.MailText}} [letterbg Mods/Raffadax.RCP/MailBackgrounds/ShuckBG 0] [textcolor black] %item object Raffadax.RCP_ChiveSeeds 1%%[#]{{i18n:Shuck.Greeting.MailTitle}}",
                "{{ModId}}_Shuck.2Heart": "{{i18n:Shuck.2Heart.MailText}} [letterbg Mods/Raffadax.RCP/MailBackgrounds/ShuckBG 0] [textcolor black] %item object Raffadax.RCP_WildGrapeStarter 1%%[#]{{i18n:Shuck.2Heart.MailTitle}}",
                "{{ModId}}_Shuck.4Heart": "{{i18n:Shuck.4Heart.MailText}} [letterbg Mods/Raffadax.RCP/MailBackgrounds/ShuckBG 0] [textcolor black] %item object Raffadax.RCP_WolfsbaneSeeds 1%%[#]{{i18n:Shuck.4Heart.MailTitle}}",
                "{{ModId}}_Shuck.6Heart": "{{i18n:Shuck.6Heart.MailText}} [letterbg Mods/Raffadax.RCP/MailBackgrounds/ShuckBG 0] [textcolor black] %item object Raffadax.RCP_PortobelloMushroomStarter 1%%[#]{{i18n:Shuck.6Heart.MailTitle}}",
                "{{ModId}}_Shuck.8Heart": "{{i18n:Shuck.8Heart.MailText}} [letterbg Mods/Raffadax.RCP/MailBackgrounds/ShuckBG 0] [textcolor black] %item object Raffadax.RCP_WormwoodSeeds 1%%[#]{{i18n:Shuck.8Heart.MailTitle}}",
                "{{ModId}}_Shuck.10Heart": "{{i18n:Shuck.10Heart.MailText}} [letterbg Mods/Raffadax.RCP/MailBackgrounds/ShuckBG 0] [textcolor black] %item object Raffadax.RCP_BlackCloverSeeds 10%%[#]{{i18n:Shuck.10Heart.MailTitle}}",
                "{{ModId}}_Xolotl.Greeting": "{{i18n:Xolotl.Greeting.MailText}} [letterbg Mods/Raffadax.RCP/MailBackgrounds/XolotlBG 0] [textcolor black] %item object Raffadax.RCP_ParsleySeeds 1%%[#]{{i18n:Xolotl.Greeting.MailTitle}}",
                "{{ModId}}_Xolotl.2Heart": "{{i18n:Xolotl.2Heart.MailText}} [letterbg Mods/Raffadax.RCP/MailBackgrounds/XolotlBG 0] [textcolor black] %item object Raffadax.RCP_BasilSeeds 1%%[#]{{i18n:Xolotl.2Heart.MailTitle}}",
                "{{ModId}}_Xolotl.4Heart": "{{i18n:Xolotl.4Heart.MailText}} [letterbg Mods/Raffadax.RCP/MailBackgrounds/XolotlBG 0] [textcolor black] %item object Raffadax.RCP_LemongrassSeeds 1%%[#]{{i18n:Xolotl.4Heart.MailTitle}}",
                "{{ModId}}_Xolotl.6Heart": "{{i18n:Xolotl.6Heart.MailText}} [letterbg Mods/Raffadax.RCP/MailBackgrounds/XolotlBG 0] [textcolor black] %item object Raffadax.RCP_CilantroSeeds 1%%[#]{{i18n:Xolotl.6Heart.MailTitle}}",
                "{{ModId}}_Xolotl.8Heart": "{{i18n:Xolotl.8Heart.MailText}} [letterbg Mods/Raffadax.RCP/MailBackgrounds/XolotlBG 0] [textcolor black] %item object Raffadax.RCP_TurmericSeeds 1%%[#]{{i18n:Xolotl.8Heart.MailTitle}}",
                "{{ModId}}_Xolotl.10Heart": "{{i18n:Xolotl.10Heart.MailText}} [letterbg Mods/Raffadax.RCP/MailBackgrounds/XolotlBG 0] [textcolor black] %item object Raffadax.RCP_VanillaVineStarter 1%%[#]{{i18n:Xolotl.10Heart.MailTitle}}",
                "{{ModId}}_All.AllHeart": "{{i18n:All.AllHeart.MailText}} [letterbg Mods/Raffadax.RCP/MailBackgrounds/AllBG 0] [textcolor black] %item object Raffadax.RCP_HeartofGaia 1%%[#]{{i18n:All.AllHeart.MailTitle}}",
                "{{ModId}}_Clint.Auto.Mill": "{{i18n:Clint.Auto.Mill.MailText}} [letterbg 0] %item craftingRecipe Raffadax.RCP_AutoMill %%[#]{{i18n:Clint.Auto.Mill.MailTitle}}",
                "{{ModId}}_Sam.Beverage.Keg": "{{i18n:Sam.Beverage.Keg.MailText}} [letterbg 0] %item craftingRecipe Raffadax.RCP_BeverageKeg %%[#]{{i18n:Sam.Beverage.Keg.MailTitle}}",
                "{{ModId}}_Kent.Fermentation.Tank": "{{i18n:Kent.Fermentation.Tank.MailText}} [letterbg 0] %item craftingRecipe Raffadax.RCP_FermentationTank %%[#]{{i18n:Kent.Fermentation.Tank.MailTitle}}",
                "{{ModId}}_Lewis.Distillation.Tank": "{{i18n:Lewis.Distillation.Tank.MailText}} [letterbg 0] %item craftingRecipe Raffadax.RCP_DistillationTank %%[#]{{i18n:Lewis.Distillation.Tank.MailTitle}}",
                "{{ModId}}_Pierre.Dry.Packer": "{{i18n:Pierre.Dry.Packer.MailText}} [letterbg 0] %item craftingRecipe Raffadax.RCP_DryPacker %%[#]{{i18n:Pierre.Dry.Packer.MailTitle}}",
                "{{ModId}}_Gus.DW.Keg": "{{i18n:Gus.DW.Keg.MailText}} [letterbg 0] %item craftingRecipe Raffadax.RCP_DeluxeWineKeg %%[#]{{i18n:Gus.DW.Keg.MailTitle}}",
                "{{ModId}}_Robin.Flow.Hive": "{{i18n:Robin.Flow.Hive.MailText}} [letterbg 0] %item craftingRecipe Raffadax.RCP_FlowHive %%[#]{{i18n:Robin.Flow.Hive.MailTitle}}",
                "{{ModId}}_Sandy.Fragrance.Extractor": "{{i18n:Sandy.Fragrance.Extractor.MailText}} [letterbg 0] %item craftingRecipe Raffadax.RCP_FragranceExtractor %%[#]{{i18n:Sandy.Fragrance.Extractor.MailTitle}}",
                "{{ModId}}_Demetrius.Incubation.Tank": "{{i18n:Demetrius.Incubation.Tank.MailText}} [letterbg 0] %item craftingRecipe Raffadax.RCP_IncubationTank %%[#]{{i18n:Demetrius.Incubation.Tank.MailTitle}}",
                "{{ModId}}_Alex.Juice.Keg": "{{i18n:Alex.Juice.Keg.MailText}} [letterbg 0] %item craftingRecipe Raffadax.RCP_JuiceKeg %%[#]{{i18n:Alex.Juice.Keg.MailTitle}}",
                "{{ModId}}_Maru.Milk.Keg": "{{i18n:Maru.Milk.Keg.MailText}} [letterbg 0] %item craftingRecipe Raffadax.RCP_MilkKeg %%[#]{{i18n:Maru.Milk.Keg.MailTitle}}",
                "{{ModId}}_Caroline.Oxidizer": "{{i18n:Caroline.Oxidizer.MailText}} [letterbg 0] %item craftingRecipe Raffadax.RCP_Oxidizer %%[#]{{i18n:Caroline.Oxidizer.MailTitle}}",
                "{{ModId}}_Pam.Puree.Jar": "{{i18n:Pam.Puree.Jar.MailText}} [letterbg 0] %item craftingRecipe Raffadax.RCP_PureeJar %%[#]{{i18n:Pam.Puree.Jar.MailTitle}}",
                "{{ModId}}_Wizard.Magic.Cauldron": "{{i18n:Wizard.Magic.Cauldron.MailText}} [letterbg 2] %item craftingRecipe Raffadax.RCP_MagicCauldron %%[#]{{i18n:Wizard.Magic.Cauldron.MailTitle}}",
                "{{ModId}}_Krobus.Azoth": "{{i18n:Krobus.Azoth.MailText}} [letterbg 0] %item object Raffadax.RCP_Azoth 1%%[#]{{i18n:Krobus.Azoth.MailTitle}}",
                "{{ModId}}_Evelyn.DP.Jar": "{{i18n:Evelyn.DP.Jar.MailText}} [letterbg 0] %item craftingRecipe Raffadax.RCP_DeluxePreservesJar %%[#]{{i18n:Evelyn.DP.Jar.MailTitle}}",
                "{{ModId}}_George.Tea.Keg": "{{i18n:George.Tea.Keg.MailText}} [letterbg 0] %item craftingRecipe Raffadax.RCP_TeaKeg %%[#]{{i18n:George.Tea.Keg.MailTitle}}",
                "{{ModId}}_Harvey.Mold.Colony": "{{i18n:Harvey.Mold.Colony.MailText}} [letterbg 0] %item craftingRecipe Raffadax.RCP_MoldColony %%[#]{{i18n:Harvey.Mold.Colony.MailTitle}}",
                "{{ModId}}_Marnie.Cheese.Processor": "{{i18n:Marnie.Cheese.Processor.MailText}} [letterbg 0] %item craftingRecipe Raffadax.RCP_CheeseProcessor %%[#]{{i18n:Marnie.Cheese.Processor.MailTitle}}",
                "{{ModId}}_Shane.Churn": "{{i18n:Shane.Churn.MailText}} [letterbg 0] %item craftingRecipe Raffadax.RCP_Churn %%[#]{{i18n:Shane.Churn.MailTitle}}",
                "{{ModId}}_Demetrius.Astral.Tea": "{{i18n:Demetrius.Astral.Tea.MailText}} [letterbg 0] %item object Raffadax.RCP_CarambolaExtract 1%% %item object Raffadax.RCP_WhiteTeaLeaf 1%%[#]{{i18n:Demetrius.Astral.Tea.MailTitle}}",
                "{{ModId}}_Elliot.Chandan": "{{i18n:Elliot.Chandan.MailText}} [letterbg 0] %item object Raffadax.RCP_ChandanPowder 1%%[#]{{i18n:Elliot.Chandan.MailTitle}}",
                "{{ModId}}_Emily.Serendipit": "{{i18n:Emily.Serendipit.MailText}} [letterbg 0] %item object Raffadax.RCP_BuddhasHandExtract 1%% %item object Raffadax.RCP_GinkgoLeaf 1%%[#]{{i18n:Emily.Serendipit.MailTitle}}",
                "{{ModId}}_Kent.Bongsutang": "{{i18n:Kent.Bongsutang.MailText}} [letterbg 0] %item object Raffadax.RCP_CrushedPineNuts 1%% %item object 340 1%%[#]{{i18n:Kent.Bongsutang.MailTitle}}",
                "{{ModId}}_Krobus.CalamiTea": "{{i18n:Krobus.CalamiTea.MailText}} [letterbg 0] %item object Raffadax.RCP_CurseExtract 1%% %item object Raffadax.RCP_BlackTeaLeaf 1%%[#]{{i18n:Krobus.CalamiTea.MailTitle}}",
                "{{ModId}}_Lewis.EGrey": "{{i18n:Lewis.EGrey.MailText}} [letterbg 0] %item object Raffadax.RCP_BergamotExtract 1%% %item object Raffadax.RCP_BlackTeaLeaf 1%%[#]{{i18n:Lewis.EGrey.MailTitle}}",
                "{{ModId}}_Linus.Yaupon": "{{i18n:Linus.Yaupon.MailText}} [letterbg 1] %item object 283 1%% %item object Raffadax.RCP_WillowBark 1%%[#]{{i18n:Linus.Yaupon.MailTitle}}",
                "{{ModId}}_Marlon.Celtic": "{{i18n:Marlon.Celtic.MailText}} [letterbg 0] %item object Raffadax.RCP_LuckExtract 1%% %item object Raffadax.RCP_BlackTeaLeaf 1%%[#]{{i18n:Marlon.Celtic.MailTitle}}",
                "{{ModId}}_Sandy.Cinnabar": "{{i18n:Sandy.Cinnabar.MailText}} [letterbg 0] %item object Raffadax.RCP_MyristicaExtract 1%% %item object Raffadax.RCP_RedTeaLeaf 1%%[#]{{i18n:Sandy.Cinnabar.MailTitle}}",
                "{{ModId}}_Wizard.Felici": "{{i18n:Wizard.Felici.MailText}} [letterbg 2] %item object Raffadax.RCP_MyristicaExtract 1%% %item object Raffadax.RCP_RedTeaLeaf 1%%[#]{{i18n:Wizard.Felici.MailTitle}}",
                "{{ModId}}_Wizard.Azeban": "{{i18n:Wizard.Azeban.MailText}} [letterbg 2] %item object Raffadax.RCP_UnluckyClover 1%%[#]{{i18n:Wizard.Azeban.MailTitle}}",
                "{{ModId}}_Wizard.Barghest": "{{i18n:Wizard.Barghest.MailText}} [letterbg 2] %item object Raffadax.RCP_UnluckyClover 1%%[#]{{i18n:Wizard.Barghest.MailTitle}}",
                "{{ModId}}_Wizard.Coyotl": "{{i18n:Wizard.Coyotl.MailText}} [letterbg 2] %item object Raffadax.RCP_LuckyClover 1%%[#]{{i18n:Wizard.Coyotl.MailTitle}}",
                "{{ModId}}_Wizard.Djinn": "{{i18n:Wizard.Djinn.MailText}} [letterbg 2] %item object Raffadax.RCP_LuckyClover 1%%[#]{{i18n:Wizard.Djinn.MailTitle}}",
                "{{ModId}}_Wizard.Nagual": "{{i18n:Wizard.Nagual.MailText}} [letterbg 2] %item object Raffadax.RCP_UnluckyClover 1%%[#]{{i18n:Wizard.Nagual.MailTitle}}",
                "{{ModId}}_Wizard.Pookah": "{{i18n:Wizard.Pookah.MailText}} [letterbg 2] %item object Raffadax.RCP_LuckyClover 1%%[#]{{i18n:Wizard.Pookah.MailTitle}}",
                "{{ModId}}_Wizard.Selkie": "{{i18n:Wizard.Selkie.MailText}} [letterbg 2] %item object Raffadax.RCP_SeaHeart 1%%[#]{{i18n:Wizard.Selkie.MailTitle}}",
                "{{ModId}}_Alex.Spirulina": "{{i18n:Alex.Spirulina.MailText}} [letterbg 0] %item object Raffadax.RCP_Nori 1%% %item object Raffadax.RCP_SpirulinaPowder 1%%[#]{{i18n:Alex.Spirulina.MailTitle}}",
                "{{ModId}}_Clint.GoldFeather": "{{i18n:Clint.GoldFeather.MailText}} [letterbg 0] %item object Raffadax.RCP_SilverLeaf 1%%[#]{{i18n:Clint.GoldFeather.MailTitle}}",
                "{{ModId}}_Linus_Samaras": "{{i18n:Linus_Samaras.MailText}} [letterbg 1] %item object Raffadax.RCP_LeachedAcorns 1%% %item object Raffadax.RCP_ShelledSamaras 1%%[#]{{i18n:Linus_Samaras.MailTitle}}",
                "{{ModId}}_Robin.Glass": "{{i18n:Robin.Glass.MailText}} [letterbg 0] %item object Raffadax.RCP_Beeswax 1%% %item object Raffadax.RCP_BlanchingPowder 1%%[#]{{i18n:Robin.Glass.MailTitle}}",
                "{{ModId}}_Marnie.Cheese.Making": "{{i18n:Marnie.Cheese.Making.MailText}} [letterbg 0] %item object Raffadax.RCP_Rennet 1%% %item object Raffadax.RCP_SheepMilk 1%%[#]{{i18n:Marnie.Cheese.Making.MailTitle}}"
            }
        }
    ]
}