{
    "IsEnabled": true,
    "ModUniqueId": "Raffadax.RCP",
    "BagId": "Raffadax.Automill",
    "BagName": "Raffadax Automill Products",
    "BagDescription": "A bag for storing Raffadax Automill Products.",
    "IconTexture": "SpringObjects",
    "IconPosition": "{X:0 Y:0 Width:0 Height:0}",
    "Prices": {
        "Small": 3430,
        "Medium": 10290,
        "Large": 34300,
        "Giant": 102900,
        "Massive": 343000
    },
    "Capacities": {
        "Small": 30,
        "Medium": 99,
        "Large": 300,
        "Giant": 999,
        "Massive": 9999
    },
    "SizeSellers": {
        "Small": [
            "Pierre"
        ],
        "Medium": [
            "Pierre"
        ],
        "Large": [
            "Pierre"
        ],
        "Giant": [
            "Pierre"
        ],
        "Massive": [
            "Pierre"
        ]
    },
    "SizeMenuOptions": {
        "Small": {
            "GroupByQuality": true,
            "InventoryColumns": 12,
            "InventorySlotSize": 64,
            "GroupedLayoutOptions": {
                "GroupsPerRow": 5,
                "ShowValueColumn": true,
                "SlotSize": 64
            },
            "UngroupedLayoutOptions": {
                "Columns": 12,
                "LineBreakIndices": [],
                "LineBreakHeights": [],
                "SlotSize": 64
            }
        },
        "Medium": {
            "GroupByQuality": true,
            "InventoryColumns": 12,
            "InventorySlotSize": 64,
            "GroupedLayoutOptions": {
                "GroupsPerRow": 5,
                "ShowValueColumn": true,
                "SlotSize": 64
            },
            "UngroupedLayoutOptions": {
                "Columns": 12,
                "LineBreakIndices": [],
                "LineBreakHeights": [],
                "SlotSize": 64
            }
        },
        "Large": {
            "GroupByQuality": true,
            "InventoryColumns": 12,
            "InventorySlotSize": 64,
            "GroupedLayoutOptions": {
                "GroupsPerRow": 5,
                "ShowValueColumn": true,
                "SlotSize": 64
            },
            "UngroupedLayoutOptions": {
                "Columns": 12,
                "LineBreakIndices": [],
                "LineBreakHeights": [],
                "SlotSize": 64
            }
        },
        "Giant": {
            "GroupByQuality": true,
            "InventoryColumns": 12,
            "InventorySlotSize": 64,
            "GroupedLayoutOptions": {
                "GroupsPerRow": 5,
                "ShowValueColumn": true,
                "SlotSize": 64
            },
            "UngroupedLayoutOptions": {
                "Columns": 12,
                "LineBreakIndices": [],
                "LineBreakHeights": [],
                "SlotSize": 64
            }
        },
        "Massive": {
            "GroupByQuality": true,
            "InventoryColumns": 12,
            "InventorySlotSize": 64,
            "GroupedLayoutOptions": {
                "GroupsPerRow": 5,
                "ShowValueColumn": true,
                "SlotSize": 64
            },
            "UngroupedLayoutOptions": {
                "Columns": 12,
                "LineBreakIndices": [],
                "LineBreakHeights": [],
                "SlotSize": 64
            }
        }
    },
    "Items": [
        {
            "Name": null,
            "IsBigCraftable": false,
            "HasQualities": false,
            "RequiredSize": "Small",
            "ObjectId": "Raffadax.RCP_AbyssalSand"
        },
        {
            "Name": null,
            "IsBigCraftable": false,
            "HasQualities": false,
            "RequiredSize": "Small",
            "ObjectId": "Raffadax.RCP_AcornFlour"
        },
        {
            "Name": null,
            "IsBigCraftable": false,
            "HasQualities": false,
            "RequiredSize": "Small",
            "ObjectId": "Raffadax.RCP_AgarPowder"
        },
        {
            "Name": null,
            "IsBigCraftable": false,
            "HasQualities": false,
            "RequiredSize": "Small",
            "ObjectId": "Raffadax.RCP_AgavePowder"
        },
        {
            "Name": null,
            "IsBigCraftable": false,
            "HasQualities": false,
            "RequiredSize": "Small",
            "ObjectId": "Raffadax.RCP_AlgaePowder"
        },
        {
            "Name": null,
            "IsBigCraftable": false,
            "HasQualities": false,
            "RequiredSize": "Small",
            "ObjectId": "Raffadax.RCP_AlmondFlour"
        },
        {
            "Name": null,
            "IsBigCraftable": false,
            "HasQualities": false,
            "RequiredSize": "Small",
            "ObjectId": "Raffadax.RCP_AloePowder"
        },
        {
            "Name": null,
            "IsBigCraftable": false,
            "HasQualities": false,
            "RequiredSize": "Small",
            "ObjectId": "Raffadax.RCP_AmaranthFlour"
        },
        {
            "Name": null,
            "IsBigCraftable": false,
            "HasQualities": false,
            "RequiredSize": "Small",
            "ObjectId": "Raffadax.RCP_Amchoor"
        },
        {
            "Name": null,
            "IsBigCraftable": false,
            "HasQualities": false,
            "RequiredSize": "Small",
            "ObjectId": "Raffadax.RCP_Anardana"
        },
        {
            "Name": null,
            "IsBigCraftable": false,
            "HasQualities": false,
            "RequiredSize": "Small",
            "ObjectId": "Raffadax.RCP_AnemushroomPowder"
        },
        {
            "Name": null,
            "IsBigCraftable": false,
            "HasQualities": false,
            "RequiredSize": "Small",
            "ObjectId": "Raffadax.RCP_AngosturaPowder"
        },
        {
            "Name": null,
            "IsBigCraftable": false,
            "HasQualities": false,
            "RequiredSize": "Small",
            "ObjectId": "Raffadax.RCP_AnnattoPowder"
        },
        {
            "Name": null,
            "IsBigCraftable": false,
            "HasQualities": false,
            "RequiredSize": "Small",
            "ObjectId": "Raffadax.RCP_ApricotKernel"
        },
        {
            "Name": null,
            "IsBigCraftable": false,
            "HasQualities": false,
            "RequiredSize": "Small",
            "ObjectId": "Raffadax.RCP_ArcticDust"
        },
        {
            "Name": null,
            "IsBigCraftable": false,
            "HasQualities": false,
            "RequiredSize": "Small",
            "ObjectId": "Raffadax.RCP_ArtemisiaPowder"
        },
        {
            "Name": null,
            "IsBigCraftable": false,
            "HasQualities": false,
            "RequiredSize": "Small",
            "ObjectId": "Raffadax.RCP_AuricPowder"
        },
        {
            "Name": null,
            "IsBigCraftable": false,
            "HasQualities": false,
            "RequiredSize": "Small",
            "ObjectId": "Raffadax.RCP_AuroraPowder"
        },
        {
            "Name": null,
            "IsBigCraftable": false,
            "HasQualities": false,
            "RequiredSize": "Small",
            "ObjectId": "Raffadax.RCP_Azoth"
        },
        {
            "Name": null,
            "IsBigCraftable": false,
            "HasQualities": false,
            "RequiredSize": "Small",
            "ObjectId": "Raffadax.RCP_BadLuckPowder"
        },
        {
            "Name": null,
            "IsBigCraftable": false,
            "HasQualities": false,
            "RequiredSize": "Small",
            "ObjectId": "Raffadax.RCP_BahidajSeeds"
        },
        {
            "Name": null,
            "IsBigCraftable": false,
            "HasQualities": false,
            "RequiredSize": "Small",
            "ObjectId": "Raffadax.RCP_BakingSoda"
        },
        {
            "Name": null,
            "IsBigCraftable": false,
            "HasQualities": false,
            "RequiredSize": "Small",
            "ObjectId": "Raffadax.RCP_BaobabPowder"
        },
        {
            "Name": null,
            "IsBigCraftable": false,
            "HasQualities": false,
            "RequiredSize": "Small",
            "ObjectId": "Raffadax.RCP_BarleyFlour"
        },
        {
            "Name": null,
            "IsBigCraftable": false,
            "HasQualities": false,
            "RequiredSize": "Small",
            "ObjectId": "Raffadax.RCP_BayLeafPowder"
        },
        {
            "Name": null,
            "IsBigCraftable": false,
            "HasQualities": false,
            "RequiredSize": "Small",
            "ObjectId": "Raffadax.RCP_BergamotOrangeZest"
        },
        {
            "Name": null,
            "IsBigCraftable": false,
            "HasQualities": false,
            "RequiredSize": "Small",
            "ObjectId": "Raffadax.RCP_BerserkPowder"
        },
        {
            "Name": null,
            "IsBigCraftable": false,
            "HasQualities": false,
            "RequiredSize": "Small",
            "ObjectId": "Raffadax.RCP_BlackCacaoNibs"
        },
        {
            "Name": null,
            "IsBigCraftable": false,
            "HasQualities": false,
            "RequiredSize": "Small",
            "ObjectId": "Raffadax.RCP_BlackCuminSeeds"
        },
        {
            "Name": null,
            "IsBigCraftable": false,
            "HasQualities": false,
            "RequiredSize": "Small",
            "ObjectId": "Raffadax.RCP_BlackGarlicPowder"
        },
        {
            "Name": null,
            "IsBigCraftable": false,
            "HasQualities": false,
            "RequiredSize": "Small",
            "ObjectId": "Raffadax.RCP_BlackPearlDust"
        },
        {
            "Name": null,
            "IsBigCraftable": false,
            "HasQualities": false,
            "RequiredSize": "Small",
            "ObjectId": "Raffadax.RCP_BlackTruffleZest"
        },
        {
            "Name": null,
            "IsBigCraftable": false,
            "HasQualities": false,
            "RequiredSize": "Small",
            "ObjectId": "Raffadax.RCP_BlueJazzPowder"
        },
        {
            "Name": null,
            "IsBigCraftable": false,
            "HasQualities": false,
            "RequiredSize": "Small",
            "ObjectId": "Raffadax.RCP_BlueLotusDust"
        },
        {
            "Name": null,
            "IsBigCraftable": false,
            "HasQualities": false,
            "RequiredSize": "Small",
            "ObjectId": "Raffadax.RCP_BlueOysterPowder"
        },
        {
            "Name": null,
            "IsBigCraftable": false,
            "HasQualities": false,
            "RequiredSize": "Small",
            "ObjectId": "Raffadax.RCP_BlueStarPowder"
        },
        {
            "Name": null,
            "IsBigCraftable": false,
            "HasQualities": false,
            "RequiredSize": "Small",
            "ObjectId": "Raffadax.RCP_BrazilNutFlour"
        },
        {
            "Name": null,
            "IsBigCraftable": false,
            "HasQualities": false,
            "RequiredSize": "Small",
            "ObjectId": "Raffadax.RCP_BuddhasHandZest"
        },
        {
            "Name": null,
            "IsBigCraftable": false,
            "HasQualities": false,
            "RequiredSize": "Small",
            "ObjectId": "Raffadax.RCP_ButtonMushroomPowder"
        },
        {
            "Name": null,
            "IsBigCraftable": false,
            "HasQualities": false,
            "RequiredSize": "Small",
            "ObjectId": "Raffadax.RCP_CacaoNibs"
        },
        {
            "Name": null,
            "IsBigCraftable": false,
            "HasQualities": false,
            "RequiredSize": "Small",
            "ObjectId": "Raffadax.RCP_CactusBlossomPowder"
        },
        {
            "Name": null,
            "IsBigCraftable": false,
            "HasQualities": false,
            "RequiredSize": "Small",
            "ObjectId": "Raffadax.RCP_CactusPowder"
        },
        {
            "Name": null,
            "IsBigCraftable": false,
            "HasQualities": false,
            "RequiredSize": "Small",
            "ObjectId": "Raffadax.RCP_CactushroomPowder"
        },
        {
            "Name": null,
            "IsBigCraftable": false,
            "HasQualities": false,
            "RequiredSize": "Small",
            "ObjectId": "Raffadax.RCP_CaneSugar"
        },
        {
            "Name": null,
            "IsBigCraftable": false,
            "HasQualities": false,
            "RequiredSize": "Small",
            "ObjectId": "Raffadax.RCP_CarambolaZest"
        },
        {
            "Name": null,
            "IsBigCraftable": false,
            "HasQualities": false,
            "RequiredSize": "Small",
            "ObjectId": "Raffadax.RCP_CarawayPowder"
        },
        {
            "Name": null,
            "IsBigCraftable": false,
            "HasQualities": false,
            "RequiredSize": "Small",
            "ObjectId": "Raffadax.RCP_CarawaySeeds"
        },
        {
            "Name": null,
            "IsBigCraftable": false,
            "HasQualities": false,
            "RequiredSize": "Small",
            "ObjectId": "Raffadax.RCP_Cashew"
        },
        {
            "Name": null,
            "IsBigCraftable": false,
            "HasQualities": false,
            "RequiredSize": "Small",
            "ObjectId": "Raffadax.RCP_CashewFlour"
        },
        {
            "Name": null,
            "IsBigCraftable": false,
            "HasQualities": false,
            "RequiredSize": "Small",
            "ObjectId": "Raffadax.RCP_Catholicon"
        },
        {
            "Name": null,
            "IsBigCraftable": false,
            "HasQualities": false,
            "RequiredSize": "Small",
            "ObjectId": "Raffadax.RCP_ChamomilePowder"
        },
        {
            "Name": null,
            "IsBigCraftable": false,
            "HasQualities": false,
            "RequiredSize": "Small",
            "ObjectId": "Raffadax.RCP_ChandanPowder"
        },
        {
            "Name": null,
            "IsBigCraftable": false,
            "HasQualities": false,
            "RequiredSize": "Small",
            "ObjectId": "Raffadax.RCP_ChanterellePowder"
        },
        {
            "Name": null,
            "IsBigCraftable": false,
            "HasQualities": false,
            "RequiredSize": "Small",
            "ObjectId": "Raffadax.RCP_ChervilPowder"
        },
        {
            "Name": null,
            "IsBigCraftable": false,
            "HasQualities": false,
            "RequiredSize": "Small",
            "ObjectId": "Raffadax.RCP_ChestnutFlour"
        },
        {
            "Name": null,
            "IsBigCraftable": false,
            "HasQualities": false,
            "RequiredSize": "Small",
            "ObjectId": "Raffadax.RCP_ChipotleChiliPowder"
        },
        {
            "Name": null,
            "IsBigCraftable": false,
            "HasQualities": false,
            "RequiredSize": "Small",
            "ObjectId": "Raffadax.RCP_ChivePowder"
        },
        {
            "Name": null,
            "IsBigCraftable": false,
            "HasQualities": false,
            "RequiredSize": "Small",
            "ObjectId": "Raffadax.RCP_CilantroPowder"
        },
        {
            "Name": null,
            "IsBigCraftable": false,
            "HasQualities": false,
            "RequiredSize": "Small",
            "ObjectId": "Raffadax.RCP_CinchonaPowder"
        },
        {
            "Name": null,
            "IsBigCraftable": false,
            "HasQualities": false,
            "RequiredSize": "Small",
            "ObjectId": "Raffadax.RCP_ClematisPowder"
        },
        {
            "Name": null,
            "IsBigCraftable": false,
            "HasQualities": false,
            "RequiredSize": "Small",
            "ObjectId": "Raffadax.RCP_CocoaFlour"
        },
        {
            "Name": null,
            "IsBigCraftable": false,
            "HasQualities": false,
            "RequiredSize": "Small",
            "ObjectId": "Raffadax.RCP_CocoaPowder"
        },
        {
            "Name": null,
            "IsBigCraftable": false,
            "HasQualities": false,
            "RequiredSize": "Small",
            "ObjectId": "Raffadax.RCP_CocodeMerFlakes"
        },
        {
            "Name": null,
            "IsBigCraftable": false,
            "HasQualities": false,
            "RequiredSize": "Small",
            "ObjectId": "Raffadax.RCP_CocodeMerFlour"
        },
        {
            "Name": null,
            "IsBigCraftable": false,
            "HasQualities": false,
            "RequiredSize": "Small",
            "ObjectId": "Raffadax.RCP_CoconutFlakes"
        },
        {
            "Name": null,
            "IsBigCraftable": false,
            "HasQualities": false,
            "RequiredSize": "Small",
            "ObjectId": "Raffadax.RCP_CoconutFlour"
        },
        {
            "Name": null,
            "IsBigCraftable": false,
            "HasQualities": false,
            "RequiredSize": "Small",
            "ObjectId": "Raffadax.RCP_CoeurdelaMerFlour"
        },
        {
            "Name": null,
            "IsBigCraftable": false,
            "HasQualities": false,
            "RequiredSize": "Small",
            "ObjectId": "Raffadax.RCP_CoffeeFlour"
        },
        {
            "Name": null,
            "IsBigCraftable": false,
            "HasQualities": false,
            "RequiredSize": "Small",
            "ObjectId": "Raffadax.RCP_ColaPowder"
        },
        {
            "Name": null,
            "IsBigCraftable": false,
            "HasQualities": false,
            "RequiredSize": "Small",
            "ObjectId": "Raffadax.RCP_CoralDust"
        },
        {
            "Name": null,
            "IsBigCraftable": false,
            "HasQualities": false,
            "RequiredSize": "Small",
            "ObjectId": "Raffadax.RCP_CornFlour"
        },
        {
            "Name": null,
            "IsBigCraftable": false,
            "HasQualities": false,
            "RequiredSize": "Small",
            "ObjectId": "Raffadax.RCP_CornStarch"
        },
        {
            "Name": null,
            "IsBigCraftable": false,
            "HasQualities": false,
            "RequiredSize": "Small",
            "ObjectId": "Raffadax.RCP_Cornmeal"
        },
        {
            "Name": null,
            "IsBigCraftable": false,
            "HasQualities": false,
            "RequiredSize": "Small",
            "ObjectId": "Raffadax.RCP_CreminiMushroomPowder"
        },
        {
            "Name": null,
            "IsBigCraftable": false,
            "HasQualities": false,
            "RequiredSize": "Small",
            "ObjectId": "Raffadax.RCP_CrushedAcorns"
        },
        {
            "Name": null,
            "IsBigCraftable": false,
            "HasQualities": false,
            "RequiredSize": "Small",
            "ObjectId": "Raffadax.RCP_CrushedAlmonds"
        },
        {
            "Name": null,
            "IsBigCraftable": false,
            "HasQualities": false,
            "RequiredSize": "Small",
            "ObjectId": "Raffadax.RCP_CrushedBlackWalnuts"
        },
        {
            "Name": null,
            "IsBigCraftable": false,
            "HasQualities": false,
            "RequiredSize": "Small",
            "ObjectId": "Raffadax.RCP_CrushedBrazilNuts"
        },
        {
            "Name": null,
            "IsBigCraftable": false,
            "HasQualities": false,
            "RequiredSize": "Small",
            "ObjectId": "Raffadax.RCP_CrushedCashews"
        },
        {
            "Name": null,
            "IsBigCraftable": false,
            "HasQualities": false,
            "RequiredSize": "Small",
            "ObjectId": "Raffadax.RCP_CrushedChestnuts"
        },
        {
            "Name": null,
            "IsBigCraftable": false,
            "HasQualities": false,
            "RequiredSize": "Small",
            "ObjectId": "Raffadax.RCP_CrushedHazelnuts"
        },
        {
            "Name": null,
            "IsBigCraftable": false,
            "HasQualities": false,
            "RequiredSize": "Small",
            "ObjectId": "Raffadax.RCP_CrushedHornNuts"
        },
        {
            "Name": null,
            "IsBigCraftable": false,
            "HasQualities": false,
            "RequiredSize": "Small",
            "ObjectId": "Raffadax.RCP_CrushedMacadamiaNuts"
        },
        {
            "Name": null,
            "IsBigCraftable": false,
            "HasQualities": false,
            "RequiredSize": "Small",
            "ObjectId": "Raffadax.RCP_CrushedMarconaAlmonds"
        },
        {
            "Name": null,
            "IsBigCraftable": false,
            "HasQualities": false,
            "RequiredSize": "Small",
            "ObjectId": "Raffadax.RCP_CrushedPeanuts"
        },
        {
            "Name": null,
            "IsBigCraftable": false,
            "HasQualities": false,
            "RequiredSize": "Small",
            "ObjectId": "Raffadax.RCP_CrushedPecans"
        },
        {
            "Name": null,
            "IsBigCraftable": false,
            "HasQualities": false,
            "RequiredSize": "Small",
            "ObjectId": "Raffadax.RCP_CrushedPineNuts"
        },
        {
            "Name": null,
            "IsBigCraftable": false,
            "HasQualities": false,
            "RequiredSize": "Small",
            "ObjectId": "Raffadax.RCP_CrushedPistachios"
        },
        {
            "Name": null,
            "IsBigCraftable": false,
            "HasQualities": false,
            "RequiredSize": "Small",
            "ObjectId": "Raffadax.RCP_CrushedSeaHearts"
        },
        {
            "Name": null,
            "IsBigCraftable": false,
            "HasQualities": false,
            "RequiredSize": "Small",
            "ObjectId": "Raffadax.RCP_CrushedSesame"
        },
        {
            "Name": null,
            "IsBigCraftable": false,
            "HasQualities": false,
            "RequiredSize": "Small",
            "ObjectId": "Raffadax.RCP_CrushedWalnuts"
        },
        {
            "Name": null,
            "IsBigCraftable": false,
            "HasQualities": false,
            "RequiredSize": "Small",
            "ObjectId": "Raffadax.RCP_DaisyDust"
        },
        {
            "Name": null,
            "IsBigCraftable": false,
            "HasQualities": false,
            "RequiredSize": "Small",
            "ObjectId": "Raffadax.RCP_DandelionSeeds"
        },
        {
            "Name": null,
            "IsBigCraftable": false,
            "HasQualities": false,
            "RequiredSize": "Small",
            "ObjectId": "Raffadax.RCP_DarkCocoaPowder"
        },
        {
            "Name": null,
            "IsBigCraftable": false,
            "HasQualities": false,
            "RequiredSize": "Small",
            "ObjectId": "Raffadax.RCP_EbonyPowder"
        },
        {
            "Name": null,
            "IsBigCraftable": false,
            "HasQualities": false,
            "RequiredSize": "Small",
            "ObjectId": "Raffadax.RCP_ErgotFlour"
        },
        {
            "Name": null,
            "IsBigCraftable": false,
            "HasQualities": false,
            "RequiredSize": "Small",
            "ObjectId": "Raffadax.RCP_ErgotPowder"
        },
        {
            "Name": null,
            "IsBigCraftable": false,
            "HasQualities": false,
            "RequiredSize": "Small",
            "ObjectId": "Raffadax.RCP_FairyRosePowder"
        },
        {
            "Name": null,
            "IsBigCraftable": false,
            "HasQualities": false,
            "RequiredSize": "Small",
            "ObjectId": "Raffadax.RCP_FennelPollen"
        },
        {
            "Name": null,
            "IsBigCraftable": false,
            "HasQualities": false,
            "RequiredSize": "Small",
            "ObjectId": "Raffadax.RCP_FenugreekPowder"
        },
        {
            "Name": null,
            "IsBigCraftable": false,
            "HasQualities": false,
            "RequiredSize": "Small",
            "ObjectId": "Raffadax.RCP_FernFlowerDust"
        },
        {
            "Name": null,
            "IsBigCraftable": false,
            "HasQualities": false,
            "RequiredSize": "Small",
            "ObjectId": "Raffadax.RCP_FiddleheadFernPowder"
        },
        {
            "Name": null,
            "IsBigCraftable": false,
            "HasQualities": false,
            "RequiredSize": "Small",
            "ObjectId": "Raffadax.RCP_FlindersRoseDust"
        },
        {
            "Name": null,
            "IsBigCraftable": false,
            "HasQualities": false,
            "RequiredSize": "Small",
            "ObjectId": "Raffadax.RCP_ForestRosePowder"
        },
        {
            "Name": null,
            "IsBigCraftable": false,
            "HasQualities": false,
            "RequiredSize": "Small",
            "ObjectId": "Raffadax.RCP_FrostCapPowder"
        },
        {
            "Name": null,
            "IsBigCraftable": false,
            "HasQualities": false,
            "RequiredSize": "Small",
            "ObjectId": "Raffadax.RCP_GarlicPowder"
        },
        {
            "Name": null,
            "IsBigCraftable": false,
            "HasQualities": false,
            "RequiredSize": "Small",
            "ObjectId": "Raffadax.RCP_GemCapPowder"
        },
        {
            "Name": null,
            "IsBigCraftable": false,
            "HasQualities": false,
            "RequiredSize": "Small",
            "ObjectId": "Raffadax.RCP_GentianPowder"
        },
        {
            "Name": null,
            "IsBigCraftable": false,
            "HasQualities": false,
            "RequiredSize": "Small",
            "ObjectId": "Raffadax.RCP_GlowDust"
        },
        {
            "Name": null,
            "IsBigCraftable": false,
            "HasQualities": false,
            "RequiredSize": "Small",
            "ObjectId": "Raffadax.RCP_GrapeVinePowder"
        },
        {
            "Name": null,
            "IsBigCraftable": false,
            "HasQualities": false,
            "RequiredSize": "Small",
            "ObjectId": "Raffadax.RCP_GrapefruitZest"
        },
        {
            "Name": null,
            "IsBigCraftable": false,
            "HasQualities": false,
            "RequiredSize": "Small",
            "ObjectId": "Raffadax.RCP_GreenChiliPowder"
        },
        {
            "Name": null,
            "IsBigCraftable": false,
            "HasQualities": false,
            "RequiredSize": "Small",
            "ObjectId": "Raffadax.RCP_GreenOnionPowder"
        },
        {
            "Name": null,
            "IsBigCraftable": false,
            "HasQualities": false,
            "RequiredSize": "Small",
            "ObjectId": "Raffadax.RCP_GroundAllium"
        },
        {
            "Name": null,
            "IsBigCraftable": false,
            "HasQualities": false,
            "RequiredSize": "Small",
            "ObjectId": "Raffadax.RCP_GroundAllspice"
        },
        {
            "Name": null,
            "IsBigCraftable": false,
            "HasQualities": false,
            "RequiredSize": "Small",
            "ObjectId": "Raffadax.RCP_GroundAnise"
        },
        {
            "Name": null,
            "IsBigCraftable": false,
            "HasQualities": false,
            "RequiredSize": "Small",
            "ObjectId": "Raffadax.RCP_GroundBamboo"
        },
        {
            "Name": null,
            "IsBigCraftable": false,
            "HasQualities": false,
            "RequiredSize": "Small",
            "ObjectId": "Raffadax.RCP_GroundBirchBark"
        },
        {
            "Name": null,
            "IsBigCraftable": false,
            "HasQualities": false,
            "RequiredSize": "Small",
            "ObjectId": "Raffadax.RCP_GroundBlackPepper"
        },
        {
            "Name": null,
            "IsBigCraftable": false,
            "HasQualities": false,
            "RequiredSize": "Small",
            "ObjectId": "Raffadax.RCP_GroundBrassicaFlower"
        },
        {
            "Name": null,
            "IsBigCraftable": false,
            "HasQualities": false,
            "RequiredSize": "Small",
            "ObjectId": "Raffadax.RCP_GroundCarawayFlower"
        },
        {
            "Name": null,
            "IsBigCraftable": false,
            "HasQualities": false,
            "RequiredSize": "Small",
            "ObjectId": "Raffadax.RCP_GroundCardamom"
        },
        {
            "Name": null,
            "IsBigCraftable": false,
            "HasQualities": false,
            "RequiredSize": "Small",
            "ObjectId": "Raffadax.RCP_GroundCayennePepper"
        },
        {
            "Name": null,
            "IsBigCraftable": false,
            "HasQualities": false,
            "RequiredSize": "Small",
            "ObjectId": "Raffadax.RCP_GroundCelerySeed"
        },
        {
            "Name": null,
            "IsBigCraftable": false,
            "HasQualities": false,
            "RequiredSize": "Small",
            "ObjectId": "Raffadax.RCP_GroundChicory"
        },
        {
            "Name": null,
            "IsBigCraftable": false,
            "HasQualities": false,
            "RequiredSize": "Small",
            "ObjectId": "Raffadax.RCP_GroundChicoryFlower"
        },
        {
            "Name": null,
            "IsBigCraftable": false,
            "HasQualities": false,
            "RequiredSize": "Small",
            "ObjectId": "Raffadax.RCP_GroundChicoryRoot"
        },
        {
            "Name": null,
            "IsBigCraftable": false,
            "HasQualities": false,
            "RequiredSize": "Small",
            "ObjectId": "Raffadax.RCP_GroundCinnamon"
        },
        {
            "Name": null,
            "IsBigCraftable": false,
            "HasQualities": false,
            "RequiredSize": "Small",
            "ObjectId": "Raffadax.RCP_GroundClove"
        },
        {
            "Name": null,
            "IsBigCraftable": false,
            "HasQualities": false,
            "RequiredSize": "Small",
            "ObjectId": "Raffadax.RCP_GroundClover"
        },
        {
            "Name": null,
            "IsBigCraftable": false,
            "HasQualities": false,
            "RequiredSize": "Small",
            "ObjectId": "Raffadax.RCP_GroundCoriander"
        },
        {
            "Name": null,
            "IsBigCraftable": false,
            "HasQualities": false,
            "RequiredSize": "Small",
            "ObjectId": "Raffadax.RCP_GroundCorianderFlower"
        },
        {
            "Name": null,
            "IsBigCraftable": false,
            "HasQualities": false,
            "RequiredSize": "Small",
            "ObjectId": "Raffadax.RCP_GroundCrocus"
        },
        {
            "Name": null,
            "IsBigCraftable": false,
            "HasQualities": false,
            "RequiredSize": "Small",
            "ObjectId": "Raffadax.RCP_GroundCuminSeed"
        },
        {
            "Name": null,
            "IsBigCraftable": false,
            "HasQualities": false,
            "RequiredSize": "Small",
            "ObjectId": "Raffadax.RCP_GroundDaffodil"
        },
        {
            "Name": null,
            "IsBigCraftable": false,
            "HasQualities": false,
            "RequiredSize": "Small",
            "ObjectId": "Raffadax.RCP_GroundDandelion"
        },
        {
            "Name": null,
            "IsBigCraftable": false,
            "HasQualities": false,
            "RequiredSize": "Small",
            "ObjectId": "Raffadax.RCP_GroundDillSeed"
        },
        {
            "Name": null,
            "IsBigCraftable": false,
            "HasQualities": false,
            "RequiredSize": "Small",
            "ObjectId": "Raffadax.RCP_GroundDogwood"
        },
        {
            "Name": null,
            "IsBigCraftable": false,
            "HasQualities": false,
            "RequiredSize": "Small",
            "ObjectId": "Raffadax.RCP_GroundElderflower"
        },
        {
            "Name": null,
            "IsBigCraftable": false,
            "HasQualities": false,
            "RequiredSize": "Small",
            "ObjectId": "Raffadax.RCP_GroundEucalyptus"
        },
        {
            "Name": null,
            "IsBigCraftable": false,
            "HasQualities": false,
            "RequiredSize": "Small",
            "ObjectId": "Raffadax.RCP_GroundFennel"
        },
        {
            "Name": null,
            "IsBigCraftable": false,
            "HasQualities": false,
            "RequiredSize": "Small",
            "ObjectId": "Raffadax.RCP_GroundFennelFlower"
        },
        {
            "Name": null,
            "IsBigCraftable": false,
            "HasQualities": false,
            "RequiredSize": "Small",
            "ObjectId": "Raffadax.RCP_GroundFenugreek"
        },
        {
            "Name": null,
            "IsBigCraftable": false,
            "HasQualities": false,
            "RequiredSize": "Small",
            "ObjectId": "Raffadax.RCP_GroundFireWheel"
        },
        {
            "Name": null,
            "IsBigCraftable": false,
            "HasQualities": false,
            "RequiredSize": "Small",
            "ObjectId": "Raffadax.RCP_GroundForsythia"
        },
        {
            "Name": null,
            "IsBigCraftable": false,
            "HasQualities": false,
            "RequiredSize": "Small",
            "ObjectId": "Raffadax.RCP_GroundFoxglove"
        },
        {
            "Name": null,
            "IsBigCraftable": false,
            "HasQualities": false,
            "RequiredSize": "Small",
            "ObjectId": "Raffadax.RCP_GroundGentianFlower"
        },
        {
            "Name": null,
            "IsBigCraftable": false,
            "HasQualities": false,
            "RequiredSize": "Small",
            "ObjectId": "Raffadax.RCP_GroundGinger"
        },
        {
            "Name": null,
            "IsBigCraftable": false,
            "HasQualities": false,
            "RequiredSize": "Small",
            "ObjectId": "Raffadax.RCP_GroundGinkgo"
        },
        {
            "Name": null,
            "IsBigCraftable": false,
            "HasQualities": false,
            "RequiredSize": "Small",
            "ObjectId": "Raffadax.RCP_GroundGreenPepper"
        },
        {
            "Name": null,
            "IsBigCraftable": false,
            "HasQualities": false,
            "RequiredSize": "Small",
            "ObjectId": "Raffadax.RCP_GroundHawkweed"
        },
        {
            "Name": null,
            "IsBigCraftable": false,
            "HasQualities": false,
            "RequiredSize": "Small",
            "ObjectId": "Raffadax.RCP_GroundHeliconia"
        },
        {
            "Name": null,
            "IsBigCraftable": false,
            "HasQualities": false,
            "RequiredSize": "Small",
            "ObjectId": "Raffadax.RCP_GroundHibiscus"
        },
        {
            "Name": null,
            "IsBigCraftable": false,
            "HasQualities": false,
            "RequiredSize": "Small",
            "ObjectId": "Raffadax.RCP_GroundHolly"
        },
        {
            "Name": null,
            "IsBigCraftable": false,
            "HasQualities": false,
            "RequiredSize": "Small",
            "ObjectId": "Raffadax.RCP_GroundJacaranda"
        },
        {
            "Name": null,
            "IsBigCraftable": false,
            "HasQualities": false,
            "RequiredSize": "Small",
            "ObjectId": "Raffadax.RCP_GroundJungleMoss"
        },
        {
            "Name": null,
            "IsBigCraftable": false,
            "HasQualities": false,
            "RequiredSize": "Small",
            "ObjectId": "Raffadax.RCP_GroundJuniper"
        },
        {
            "Name": null,
            "IsBigCraftable": false,
            "HasQualities": false,
            "RequiredSize": "Small",
            "ObjectId": "Raffadax.RCP_GroundLavender"
        },
        {
            "Name": null,
            "IsBigCraftable": false,
            "HasQualities": false,
            "RequiredSize": "Small",
            "ObjectId": "Raffadax.RCP_GroundMace"
        },
        {
            "Name": null,
            "IsBigCraftable": false,
            "HasQualities": false,
            "RequiredSize": "Small",
            "ObjectId": "Raffadax.RCP_GroundMimosaFlower"
        },
        {
            "Name": null,
            "IsBigCraftable": false,
            "HasQualities": false,
            "RequiredSize": "Small",
            "ObjectId": "Raffadax.RCP_GroundMintFlower"
        },
        {
            "Name": null,
            "IsBigCraftable": false,
            "HasQualities": false,
            "RequiredSize": "Small",
            "ObjectId": "Raffadax.RCP_GroundNettleBlossom"
        },
        {
            "Name": null,
            "IsBigCraftable": false,
            "HasQualities": false,
            "RequiredSize": "Small",
            "ObjectId": "Raffadax.RCP_GroundNutmeg"
        },
        {
            "Name": null,
            "IsBigCraftable": false,
            "HasQualities": false,
            "RequiredSize": "Small",
            "ObjectId": "Raffadax.RCP_GroundOsmanthus"
        },
        {
            "Name": null,
            "IsBigCraftable": false,
            "HasQualities": false,
            "RequiredSize": "Small",
            "ObjectId": "Raffadax.RCP_GroundPoinciana"
        },
        {
            "Name": null,
            "IsBigCraftable": false,
            "HasQualities": false,
            "RequiredSize": "Small",
            "ObjectId": "Raffadax.RCP_GroundPoinsettia"
        },
        {
            "Name": null,
            "IsBigCraftable": false,
            "HasQualities": false,
            "RequiredSize": "Small",
            "ObjectId": "Raffadax.RCP_GroundPoppyFlower"
        },
        {
            "Name": null,
            "IsBigCraftable": false,
            "HasQualities": false,
            "RequiredSize": "Small",
            "ObjectId": "Raffadax.RCP_GroundPoppySeed"
        },
        {
            "Name": null,
            "IsBigCraftable": false,
            "HasQualities": false,
            "RequiredSize": "Small",
            "ObjectId": "Raffadax.RCP_GroundRedPepper"
        },
        {
            "Name": null,
            "IsBigCraftable": false,
            "HasQualities": false,
            "RequiredSize": "Small",
            "ObjectId": "Raffadax.RCP_GroundSaffron"
        },
        {
            "Name": null,
            "IsBigCraftable": false,
            "HasQualities": false,
            "RequiredSize": "Small",
            "ObjectId": "Raffadax.RCP_GroundSarsaparilla"
        },
        {
            "Name": null,
            "IsBigCraftable": false,
            "HasQualities": false,
            "RequiredSize": "Small",
            "ObjectId": "Raffadax.RCP_GroundSassafras"
        },
        {
            "Name": null,
            "IsBigCraftable": false,
            "HasQualities": false,
            "RequiredSize": "Small",
            "ObjectId": "Raffadax.RCP_GroundSpruce"
        },
        {
            "Name": null,
            "IsBigCraftable": false,
            "HasQualities": false,
            "RequiredSize": "Small",
            "ObjectId": "Raffadax.RCP_GroundSquashFlower"
        },
        {
            "Name": null,
            "IsBigCraftable": false,
            "HasQualities": false,
            "RequiredSize": "Small",
            "ObjectId": "Raffadax.RCP_GroundSumac"
        },
        {
            "Name": null,
            "IsBigCraftable": false,
            "HasQualities": false,
            "RequiredSize": "Small",
            "ObjectId": "Raffadax.RCP_GroundSummerSpangle"
        },
        {
            "Name": null,
            "IsBigCraftable": false,
            "HasQualities": false,
            "RequiredSize": "Small",
            "ObjectId": "Raffadax.RCP_GroundSunflower"
        },
        {
            "Name": null,
            "IsBigCraftable": false,
            "HasQualities": false,
            "RequiredSize": "Small",
            "ObjectId": "Raffadax.RCP_GroundTulip"
        },
        {
            "Name": null,
            "IsBigCraftable": false,
            "HasQualities": false,
            "RequiredSize": "Small",
            "ObjectId": "Raffadax.RCP_GroundVanilla"
        },
        {
            "Name": null,
            "IsBigCraftable": false,
            "HasQualities": false,
            "RequiredSize": "Small",
            "ObjectId": "Raffadax.RCP_GroundVanillaOrchid"
        },
        {
            "Name": null,
            "IsBigCraftable": false,
            "HasQualities": false,
            "RequiredSize": "Small",
            "ObjectId": "Raffadax.RCP_GroundViolet"
        },
        {
            "Name": null,
            "IsBigCraftable": false,
            "HasQualities": false,
            "RequiredSize": "Small",
            "ObjectId": "Raffadax.RCP_GroundWhiteCardamom"
        },
        {
            "Name": null,
            "IsBigCraftable": false,
            "HasQualities": false,
            "RequiredSize": "Small",
            "ObjectId": "Raffadax.RCP_GroundWhitePepper"
        },
        {
            "Name": null,
            "IsBigCraftable": false,
            "HasQualities": false,
            "RequiredSize": "Small",
            "ObjectId": "Raffadax.RCP_GroundWillowBark"
        },
        {
            "Name": null,
            "IsBigCraftable": false,
            "HasQualities": false,
            "RequiredSize": "Small",
            "ObjectId": "Raffadax.RCP_GroundWisteria"
        },
        {
            "Name": null,
            "IsBigCraftable": false,
            "HasQualities": false,
            "RequiredSize": "Small",
            "ObjectId": "Raffadax.RCP_GultheriaPowder"
        },
        {
            "Name": null,
            "IsBigCraftable": false,
            "HasQualities": false,
            "RequiredSize": "Small",
            "ObjectId": "Raffadax.RCP_HarmonicPowder"
        },
        {
            "Name": null,
            "IsBigCraftable": false,
            "HasQualities": false,
            "RequiredSize": "Small",
            "ObjectId": "Raffadax.RCP_HazelnutFlour"
        },
        {
            "Name": null,
            "IsBigCraftable": false,
            "HasQualities": false,
            "RequiredSize": "Small",
            "ObjectId": "Raffadax.RCP_HempFiber"
        },
        {
            "Name": null,
            "IsBigCraftable": false,
            "HasQualities": false,
            "RequiredSize": "Small",
            "ObjectId": "Raffadax.RCP_HoneyPowder"
        },
        {
            "Name": null,
            "IsBigCraftable": false,
            "HasQualities": false,
            "RequiredSize": "Small",
            "ObjectId": "Raffadax.RCP_HoneysucklePowder"
        },
        {
            "Name": null,
            "IsBigCraftable": false,
            "HasQualities": false,
            "RequiredSize": "Small",
            "ObjectId": "Raffadax.RCP_HornNutFlour"
        },
        {
            "Name": null,
            "IsBigCraftable": false,
            "HasQualities": false,
            "RequiredSize": "Small",
            "ObjectId": "Raffadax.RCP_HorseradishPowder"
        },
        {
            "Name": null,
            "IsBigCraftable": false,
            "HasQualities": false,
            "RequiredSize": "Small",
            "ObjectId": "Raffadax.RCP_HulledMahoganySeeds"
        },
        {
            "Name": null,
            "IsBigCraftable": false,
            "HasQualities": false,
            "RequiredSize": "Small",
            "ObjectId": "Raffadax.RCP_Indica"
        },
        {
            "Name": null,
            "IsBigCraftable": false,
            "HasQualities": false,
            "RequiredSize": "Small",
            "ObjectId": "Raffadax.RCP_IndigoPowder"
        },
        {
            "Name": null,
            "IsBigCraftable": false,
            "HasQualities": false,
            "RequiredSize": "Small",
            "ObjectId": "Raffadax.RCP_InfernoPowder"
        },
        {
            "Name": null,
            "IsBigCraftable": false,
            "HasQualities": false,
            "RequiredSize": "Small",
            "ObjectId": "Raffadax.RCP_InstantCoffee"
        },
        {
            "Name": null,
            "IsBigCraftable": false,
            "HasQualities": false,
            "RequiredSize": "Small",
            "ObjectId": "Raffadax.RCP_InstantCoffeeCafeCaramel"
        },
        {
            "Name": null,
            "IsBigCraftable": false,
            "HasQualities": false,
            "RequiredSize": "Small",
            "ObjectId": "Raffadax.RCP_InstantCoffeeChicory"
        },
        {
            "Name": null,
            "IsBigCraftable": false,
            "HasQualities": false,
            "RequiredSize": "Small",
            "ObjectId": "Raffadax.RCP_InstantCoffeeColdBrew"
        },
        {
            "Name": null,
            "IsBigCraftable": false,
            "HasQualities": false,
            "RequiredSize": "Small",
            "ObjectId": "Raffadax.RCP_InstantCoffeeDarkChocolateMocha"
        },
        {
            "Name": null,
            "IsBigCraftable": false,
            "HasQualities": false,
            "RequiredSize": "Small",
            "ObjectId": "Raffadax.RCP_InstantCoffeeDarkRoast"
        },
        {
            "Name": null,
            "IsBigCraftable": false,
            "HasQualities": false,
            "RequiredSize": "Small",
            "ObjectId": "Raffadax.RCP_InstantCoffeeLightRoast"
        },
        {
            "Name": null,
            "IsBigCraftable": false,
            "HasQualities": false,
            "RequiredSize": "Small",
            "ObjectId": "Raffadax.RCP_InstantCoffeeMediumRoast"
        },
        {
            "Name": null,
            "IsBigCraftable": false,
            "HasQualities": false,
            "RequiredSize": "Small",
            "ObjectId": "Raffadax.RCP_InstantCoffeeMintMocha"
        },
        {
            "Name": null,
            "IsBigCraftable": false,
            "HasQualities": false,
            "RequiredSize": "Small",
            "ObjectId": "Raffadax.RCP_InstantCoffeeMocha"
        },
        {
            "Name": null,
            "IsBigCraftable": false,
            "HasQualities": false,
            "RequiredSize": "Small",
            "ObjectId": "Raffadax.RCP_InstantCoffeePumpkinSpice"
        },
        {
            "Name": null,
            "IsBigCraftable": false,
            "HasQualities": false,
            "RequiredSize": "Small",
            "ObjectId": "Raffadax.RCP_InstantCoffeeVanillaCafe"
        },
        {
            "Name": null,
            "IsBigCraftable": false,
            "HasQualities": false,
            "RequiredSize": "Small",
            "ObjectId": "Raffadax.RCP_InstantCoffeeWhiteChocolateMocha"
        },
        {
            "Name": null,
            "IsBigCraftable": false,
            "HasQualities": false,
            "RequiredSize": "Small",
            "ObjectId": "Raffadax.RCP_JasminePowder"
        },
        {
            "Name": null,
            "IsBigCraftable": false,
            "HasQualities": false,
            "RequiredSize": "Small",
            "ObjectId": "Raffadax.RCP_JungleMossPhyllids"
        },
        {
            "Name": null,
            "IsBigCraftable": false,
            "HasQualities": false,
            "RequiredSize": "Small",
            "ObjectId": "Raffadax.RCP_Kalpasi"
        },
        {
            "Name": null,
            "IsBigCraftable": false,
            "HasQualities": false,
            "RequiredSize": "Small",
            "ObjectId": "Raffadax.RCP_KelpPowder"
        },
        {
            "Name": null,
            "IsBigCraftable": false,
            "HasQualities": false,
            "RequiredSize": "Small",
            "ObjectId": "Raffadax.RCP_Kief"
        },
        {
            "Name": null,
            "IsBigCraftable": false,
            "HasQualities": false,
            "RequiredSize": "Small",
            "ObjectId": "Raffadax.RCP_KukichaTeaMix"
        },
        {
            "Name": null,
            "IsBigCraftable": false,
            "HasQualities": false,
            "RequiredSize": "Small",
            "ObjectId": "Raffadax.RCP_LarahaOrangeZest"
        },
        {
            "Name": null,
            "IsBigCraftable": false,
            "HasQualities": false,
            "RequiredSize": "Small",
            "ObjectId": "Raffadax.RCP_LeekFlakes"
        },
        {
            "Name": null,
            "IsBigCraftable": false,
            "HasQualities": false,
            "RequiredSize": "Small",
            "ObjectId": "Raffadax.RCP_LemonZest"
        },
        {
            "Name": null,
            "IsBigCraftable": false,
            "HasQualities": false,
            "RequiredSize": "Small",
            "ObjectId": "Raffadax.RCP_LemongrassPowder"
        },
        {
            "Name": null,
            "IsBigCraftable": false,
            "HasQualities": false,
            "RequiredSize": "Small",
            "ObjectId": "Raffadax.RCP_LilacPowder"
        },
        {
            "Name": null,
            "IsBigCraftable": false,
            "HasQualities": false,
            "RequiredSize": "Small",
            "ObjectId": "Raffadax.RCP_LimeZest"
        },
        {
            "Name": null,
            "IsBigCraftable": false,
            "HasQualities": false,
            "RequiredSize": "Small",
            "ObjectId": "Raffadax.RCP_LindenPowder"
        },
        {
            "Name": null,
            "IsBigCraftable": false,
            "HasQualities": false,
            "RequiredSize": "Small",
            "ObjectId": "Raffadax.RCP_LotusFiber"
        },
        {
            "Name": null,
            "IsBigCraftable": false,
            "HasQualities": false,
            "RequiredSize": "Small",
            "ObjectId": "Raffadax.RCP_LotusRootPowder"
        },
        {
            "Name": null,
            "IsBigCraftable": false,
            "HasQualities": false,
            "RequiredSize": "Small",
            "ObjectId": "Raffadax.RCP_LuckPowder"
        },
        {
            "Name": null,
            "IsBigCraftable": false,
            "HasQualities": false,
            "RequiredSize": "Small",
            "ObjectId": "Raffadax.RCP_LunarDust"
        },
        {
            "Name": null,
            "IsBigCraftable": false,
            "HasQualities": false,
            "RequiredSize": "Small",
            "ObjectId": "Raffadax.RCP_MacadamiaNutFlour"
        },
        {
            "Name": null,
            "IsBigCraftable": false,
            "HasQualities": false,
            "RequiredSize": "Small",
            "ObjectId": "Raffadax.RCP_Mace"
        },
        {
            "Name": null,
            "IsBigCraftable": false,
            "HasQualities": false,
            "RequiredSize": "Small",
            "ObjectId": "Raffadax.RCP_MagmaCapPowder"
        },
        {
            "Name": null,
            "IsBigCraftable": false,
            "HasQualities": false,
            "RequiredSize": "Small",
            "ObjectId": "Raffadax.RCP_MahoganySeedPowder"
        },
        {
            "Name": null,
            "IsBigCraftable": false,
            "HasQualities": false,
            "RequiredSize": "Small",
            "ObjectId": "Raffadax.RCP_MandrakePowder"
        },
        {
            "Name": null,
            "IsBigCraftable": false,
            "HasQualities": false,
            "RequiredSize": "Small",
            "ObjectId": "Raffadax.RCP_MatchaTeaPowder"
        },
        {
            "Name": null,
            "IsBigCraftable": false,
            "HasQualities": false,
            "RequiredSize": "Small",
            "ObjectId": "Raffadax.RCP_MatsutakePowder"
        },
        {
            "Name": null,
            "IsBigCraftable": false,
            "HasQualities": false,
            "RequiredSize": "Small",
            "ObjectId": "Raffadax.RCP_MorelPowder"
        },
        {
            "Name": null,
            "IsBigCraftable": false,
            "HasQualities": false,
            "RequiredSize": "Small",
            "ObjectId": "Raffadax.RCP_MosshroomPowder"
        },
        {
            "Name": null,
            "IsBigCraftable": false,
            "HasQualities": false,
            "RequiredSize": "Small",
            "ObjectId": "Raffadax.RCP_MugwortPowder"
        },
        {
            "Name": null,
            "IsBigCraftable": false,
            "HasQualities": false,
            "RequiredSize": "Small",
            "ObjectId": "Raffadax.RCP_MushroomPowder"
        },
        {
            "Name": null,
            "IsBigCraftable": false,
            "HasQualities": false,
            "RequiredSize": "Small",
            "ObjectId": "Raffadax.RCP_MustardPowder"
        },
        {
            "Name": null,
            "IsBigCraftable": false,
            "HasQualities": false,
            "RequiredSize": "Small",
            "ObjectId": "Raffadax.RCP_MyristicaAril"
        },
        {
            "Name": null,
            "IsBigCraftable": false,
            "HasQualities": false,
            "RequiredSize": "Small",
            "ObjectId": "Raffadax.RCP_MythrilOre"
        },
        {
            "Name": null,
            "IsBigCraftable": false,
            "HasQualities": false,
            "RequiredSize": "Small",
            "ObjectId": "Raffadax.RCP_NigellaPowder"
        },
        {
            "Name": null,
            "IsBigCraftable": false,
            "HasQualities": false,
            "RequiredSize": "Small",
            "ObjectId": "Raffadax.RCP_NightshadePowder"
        },
        {
            "Name": null,
            "IsBigCraftable": false,
            "HasQualities": false,
            "RequiredSize": "Small",
            "ObjectId": "Raffadax.RCP_NoxiousPowder"
        },
        {
            "Name": null,
            "IsBigCraftable": false,
            "HasQualities": false,
            "RequiredSize": "Small",
            "ObjectId": "Raffadax.RCP_Nutmeg"
        },
        {
            "Name": null,
            "IsBigCraftable": false,
            "HasQualities": false,
            "RequiredSize": "Small",
            "ObjectId": "Raffadax.RCP_OatFlour"
        },
        {
            "Name": null,
            "IsBigCraftable": false,
            "HasQualities": false,
            "RequiredSize": "Small",
            "ObjectId": "Raffadax.RCP_OnionPowder"
        },
        {
            "Name": null,
            "IsBigCraftable": false,
            "HasQualities": false,
            "RequiredSize": "Small",
            "ObjectId": "Raffadax.RCP_OpuntiaPowder"
        },
        {
            "Name": null,
            "IsBigCraftable": false,
            "HasQualities": false,
            "RequiredSize": "Small",
            "ObjectId": "Raffadax.RCP_OrangeZest"
        },
        {
            "Name": null,
            "IsBigCraftable": false,
            "HasQualities": false,
            "RequiredSize": "Small",
            "ObjectId": "Raffadax.RCP_OreganoPowder"
        },
        {
            "Name": null,
            "IsBigCraftable": false,
            "HasQualities": false,
            "RequiredSize": "Small",
            "ObjectId": "Raffadax.RCP_Paprika"
        },
        {
            "Name": null,
            "IsBigCraftable": false,
            "HasQualities": false,
            "RequiredSize": "Small",
            "ObjectId": "Raffadax.RCP_PassionFlowerPowder"
        },
        {
            "Name": null,
            "IsBigCraftable": false,
            "HasQualities": false,
            "RequiredSize": "Small",
            "ObjectId": "Raffadax.RCP_PeanutFlour"
        },
        {
            "Name": null,
            "IsBigCraftable": false,
            "HasQualities": false,
            "RequiredSize": "Small",
            "ObjectId": "Raffadax.RCP_PearlDust"
        },
        {
            "Name": null,
            "IsBigCraftable": false,
            "HasQualities": false,
            "RequiredSize": "Small",
            "ObjectId": "Raffadax.RCP_PecanFlour"
        },
        {
            "Name": null,
            "IsBigCraftable": false,
            "HasQualities": false,
            "RequiredSize": "Small",
            "ObjectId": "Raffadax.RCP_PeppermintPowder"
        },
        {
            "Name": null,
            "IsBigCraftable": false,
            "HasQualities": false,
            "RequiredSize": "Small",
            "ObjectId": "Raffadax.RCP_PeriwinkleDust"
        },
        {
            "Name": null,
            "IsBigCraftable": false,
            "HasQualities": false,
            "RequiredSize": "Small",
            "ObjectId": "Raffadax.RCP_PeyoteDust"
        },
        {
            "Name": null,
            "IsBigCraftable": false,
            "HasQualities": false,
            "RequiredSize": "Small",
            "ObjectId": "Raffadax.RCP_PineNutFlour"
        },
        {
            "Name": null,
            "IsBigCraftable": false,
            "HasQualities": false,
            "RequiredSize": "Small",
            "ObjectId": "Raffadax.RCP_PinkLemonZest"
        },
        {
            "Name": null,
            "IsBigCraftable": false,
            "HasQualities": false,
            "RequiredSize": "Small",
            "ObjectId": "Raffadax.RCP_PipeTobacco"
        },
        {
            "Name": null,
            "IsBigCraftable": false,
            "HasQualities": false,
            "RequiredSize": "Small",
            "ObjectId": "Raffadax.RCP_PistachioFlour"
        },
        {
            "Name": null,
            "IsBigCraftable": false,
            "HasQualities": false,
            "RequiredSize": "Small",
            "ObjectId": "Raffadax.RCP_PomegranateSeeds"
        },
        {
            "Name": null,
            "IsBigCraftable": false,
            "HasQualities": false,
            "RequiredSize": "Small",
            "ObjectId": "Raffadax.RCP_PortobelloMushroomPowder"
        },
        {
            "Name": null,
            "IsBigCraftable": false,
            "HasQualities": false,
            "RequiredSize": "Small",
            "ObjectId": "Raffadax.RCP_PowderedBasil"
        },
        {
            "Name": null,
            "IsBigCraftable": false,
            "HasQualities": false,
            "RequiredSize": "Small",
            "ObjectId": "Raffadax.RCP_PowderedCurryLeaf"
        },
        {
            "Name": null,
            "IsBigCraftable": false,
            "HasQualities": false,
            "RequiredSize": "Small",
            "ObjectId": "Raffadax.RCP_PowderedDandelionRoot"
        },
        {
            "Name": null,
            "IsBigCraftable": false,
            "HasQualities": false,
            "RequiredSize": "Small",
            "ObjectId": "Raffadax.RCP_PowderedDill"
        },
        {
            "Name": null,
            "IsBigCraftable": false,
            "HasQualities": false,
            "RequiredSize": "Small",
            "ObjectId": "Raffadax.RCP_PowderedDryadSaddle"
        },
        {
            "Name": null,
            "IsBigCraftable": false,
            "HasQualities": false,
            "RequiredSize": "Small",
            "ObjectId": "Raffadax.RCP_PowderedGanoderma"
        },
        {
            "Name": null,
            "IsBigCraftable": false,
            "HasQualities": false,
            "RequiredSize": "Small",
            "ObjectId": "Raffadax.RCP_PowderedLiverwort"
        },
        {
            "Name": null,
            "IsBigCraftable": false,
            "HasQualities": false,
            "RequiredSize": "Small",
            "ObjectId": "Raffadax.RCP_PowderedMarjoram"
        },
        {
            "Name": null,
            "IsBigCraftable": false,
            "HasQualities": false,
            "RequiredSize": "Small",
            "ObjectId": "Raffadax.RCP_PowderedParsley"
        },
        {
            "Name": null,
            "IsBigCraftable": false,
            "HasQualities": false,
            "RequiredSize": "Small",
            "ObjectId": "Raffadax.RCP_PowderedRosemary"
        },
        {
            "Name": null,
            "IsBigCraftable": false,
            "HasQualities": false,
            "RequiredSize": "Small",
            "ObjectId": "Raffadax.RCP_PowderedSage"
        },
        {
            "Name": null,
            "IsBigCraftable": false,
            "HasQualities": false,
            "RequiredSize": "Small",
            "ObjectId": "Raffadax.RCP_PowderedSavory"
        },
        {
            "Name": null,
            "IsBigCraftable": false,
            "HasQualities": false,
            "RequiredSize": "Small",
            "ObjectId": "Raffadax.RCP_PowderedSugar"
        },
        {
            "Name": null,
            "IsBigCraftable": false,
            "HasQualities": false,
            "RequiredSize": "Small",
            "ObjectId": "Raffadax.RCP_PowderedThyme"
        },
        {
            "Name": null,
            "IsBigCraftable": false,
            "HasQualities": false,
            "RequiredSize": "Small",
            "ObjectId": "Raffadax.RCP_PowderedYarrow"
        },
        {
            "Name": null,
            "IsBigCraftable": false,
            "HasQualities": false,
            "RequiredSize": "Small",
            "ObjectId": "Raffadax.RCP_PowderofArgent"
        },
        {
            "Name": null,
            "IsBigCraftable": false,
            "HasQualities": false,
            "RequiredSize": "Small",
            "ObjectId": "Raffadax.RCP_PsilocybinMushroomPowder"
        },
        {
            "Name": null,
            "IsBigCraftable": false,
            "HasQualities": false,
            "RequiredSize": "Small",
            "ObjectId": "Raffadax.RCP_PuffballMushroomPowder"
        },
        {
            "Name": null,
            "IsBigCraftable": false,
            "HasQualities": false,
            "RequiredSize": "Small",
            "ObjectId": "Raffadax.RCP_PurpleMushroomPowder"
        },
        {
            "Name": null,
            "IsBigCraftable": false,
            "HasQualities": false,
            "RequiredSize": "Small",
            "ObjectId": "Raffadax.RCP_RadioactiveMushroomPowder"
        },
        {
            "Name": null,
            "IsBigCraftable": false,
            "HasQualities": false,
            "RequiredSize": "Small",
            "ObjectId": "Raffadax.RCP_RedChiliPowder"
        },
        {
            "Name": null,
            "IsBigCraftable": false,
            "HasQualities": false,
            "RequiredSize": "Small",
            "ObjectId": "Raffadax.RCP_RedMushroomPowder"
        },
        {
            "Name": null,
            "IsBigCraftable": false,
            "HasQualities": false,
            "RequiredSize": "Small",
            "ObjectId": "Raffadax.RCP_RedOnionPowder"
        },
        {
            "Name": null,
            "IsBigCraftable": false,
            "HasQualities": false,
            "RequiredSize": "Small",
            "ObjectId": "Raffadax.RCP_RedStarPowder"
        },
        {
            "Name": null,
            "IsBigCraftable": false,
            "HasQualities": false,
            "RequiredSize": "Small",
            "ObjectId": "Raffadax.RCP_Relish"
        },
        {
            "Name": null,
            "IsBigCraftable": false,
            "HasQualities": false,
            "RequiredSize": "Small",
            "ObjectId": "Raffadax.RCP_RhubarbStalks"
        },
        {
            "Name": null,
            "IsBigCraftable": false,
            "HasQualities": false,
            "RequiredSize": "Small",
            "ObjectId": "Raffadax.RCP_RiceFlour"
        },
        {
            "Name": null,
            "IsBigCraftable": false,
            "HasQualities": false,
            "RequiredSize": "Small",
            "ObjectId": "Raffadax.RCP_RoseDust"
        },
        {
            "Name": null,
            "IsBigCraftable": false,
            "HasQualities": false,
            "RequiredSize": "Small",
            "ObjectId": "Raffadax.RCP_RoseHipPowder"
        },
        {
            "Name": null,
            "IsBigCraftable": false,
            "HasQualities": false,
            "RequiredSize": "Small",
            "ObjectId": "Raffadax.RCP_RowanPowder"
        },
        {
            "Name": null,
            "IsBigCraftable": false,
            "HasQualities": false,
            "RequiredSize": "Small",
            "ObjectId": "Raffadax.RCP_RyeFlour"
        },
        {
            "Name": null,
            "IsBigCraftable": false,
            "HasQualities": false,
            "RequiredSize": "Small",
            "ObjectId": "Raffadax.RCP_Saffron"
        },
        {
            "Name": null,
            "IsBigCraftable": false,
            "HasQualities": false,
            "RequiredSize": "Small",
            "ObjectId": "Raffadax.RCP_SaguaroFlour"
        },
        {
            "Name": null,
            "IsBigCraftable": false,
            "HasQualities": false,
            "RequiredSize": "Small",
            "ObjectId": "Raffadax.RCP_SakuraPowder"
        },
        {
            "Name": null,
            "IsBigCraftable": false,
            "HasQualities": false,
            "RequiredSize": "Small",
            "ObjectId": "Raffadax.RCP_SamaraFlour"
        },
        {
            "Name": null,
            "IsBigCraftable": false,
            "HasQualities": false,
            "RequiredSize": "Small",
            "ObjectId": "Raffadax.RCP_SandofChaos"
        },
        {
            "Name": null,
            "IsBigCraftable": false,
            "HasQualities": false,
            "RequiredSize": "Small",
            "ObjectId": "Raffadax.RCP_Sativa"
        },
        {
            "Name": null,
            "IsBigCraftable": false,
            "HasQualities": false,
            "RequiredSize": "Small",
            "ObjectId": "Raffadax.RCP_ScallionPowder"
        },
        {
            "Name": null,
            "IsBigCraftable": false,
            "HasQualities": false,
            "RequiredSize": "Small",
            "ObjectId": "Raffadax.RCP_ScotchBonnetChiliPowder"
        },
        {
            "Name": null,
            "IsBigCraftable": false,
            "HasQualities": false,
            "RequiredSize": "Small",
            "ObjectId": "Raffadax.RCP_SeaweedPowder"
        },
        {
            "Name": null,
            "IsBigCraftable": false,
            "HasQualities": false,
            "RequiredSize": "Small",
            "ObjectId": "Raffadax.RCP_SesameFlour"
        },
        {
            "Name": null,
            "IsBigCraftable": false,
            "HasQualities": false,
            "RequiredSize": "Small",
            "ObjectId": "Raffadax.RCP_ShardsofBifrost"
        },
        {
            "Name": null,
            "IsBigCraftable": false,
            "HasQualities": false,
            "RequiredSize": "Small",
            "ObjectId": "Raffadax.RCP_ShelledSamaras"
        },
        {
            "Name": null,
            "IsBigCraftable": false,
            "HasQualities": false,
            "RequiredSize": "Small",
            "ObjectId": "Raffadax.RCP_ShelledSunflowerSeeds"
        },
        {
            "Name": null,
            "IsBigCraftable": false,
            "HasQualities": false,
            "RequiredSize": "Small",
            "ObjectId": "Raffadax.RCP_ShisoPowder"
        },
        {
            "Name": null,
            "IsBigCraftable": false,
            "HasQualities": false,
            "RequiredSize": "Small",
            "ObjectId": "Raffadax.RCP_SilverOre"
        },
        {
            "Name": null,
            "IsBigCraftable": false,
            "HasQualities": false,
            "RequiredSize": "Small",
            "ObjectId": "Raffadax.RCP_SolarDust"
        },
        {
            "Name": null,
            "IsBigCraftable": false,
            "HasQualities": false,
            "RequiredSize": "Small",
            "ObjectId": "Raffadax.RCP_SpearmintPowder"
        },
        {
            "Name": null,
            "IsBigCraftable": false,
            "HasQualities": false,
            "RequiredSize": "Small",
            "ObjectId": "Raffadax.RCP_SpirulinaPowder"
        },
        {
            "Name": null,
            "IsBigCraftable": false,
            "HasQualities": false,
            "RequiredSize": "Small",
            "ObjectId": "Raffadax.RCP_SpringOnionPowder"
        },
        {
            "Name": null,
            "IsBigCraftable": false,
            "HasQualities": false,
            "RequiredSize": "Small",
            "ObjectId": "Raffadax.RCP_StarDust"
        },
        {
            "Name": null,
            "IsBigCraftable": false,
            "HasQualities": false,
            "RequiredSize": "Small",
            "ObjectId": "Raffadax.RCP_StarfruitZest"
        },
        {
            "Name": null,
            "IsBigCraftable": false,
            "HasQualities": false,
            "RequiredSize": "Small",
            "ObjectId": "Raffadax.RCP_SunflowerSeedFlour"
        },
        {
            "Name": null,
            "IsBigCraftable": false,
            "HasQualities": false,
            "RequiredSize": "Small",
            "ObjectId": "Raffadax.RCP_SweetPeaPowder"
        },
        {
            "Name": null,
            "IsBigCraftable": false,
            "HasQualities": false,
            "RequiredSize": "Small",
            "ObjectId": "Raffadax.RCP_SylvanPowder"
        },
        {
            "Name": null,
            "IsBigCraftable": false,
            "HasQualities": false,
            "RequiredSize": "Small",
            "ObjectId": "Raffadax.RCP_TableSalt"
        },
        {
            "Name": null,
            "IsBigCraftable": false,
            "HasQualities": false,
            "RequiredSize": "Small",
            "ObjectId": "Raffadax.RCP_TapiocaStarch"
        },
        {
            "Name": null,
            "IsBigCraftable": false,
            "HasQualities": false,
            "RequiredSize": "Small",
            "ObjectId": "Raffadax.RCP_TarragonPowder"
        },
        {
            "Name": null,
            "IsBigCraftable": false,
            "HasQualities": false,
            "RequiredSize": "Small",
            "ObjectId": "Raffadax.RCP_TempestPowder"
        },
        {
            "Name": null,
            "IsBigCraftable": false,
            "HasQualities": false,
            "RequiredSize": "Small",
            "ObjectId": "Raffadax.RCP_ThunderCapPowder"
        },
        {
            "Name": null,
            "IsBigCraftable": false,
            "HasQualities": false,
            "RequiredSize": "Small",
            "ObjectId": "Raffadax.RCP_ToadstoolPowder"
        },
        {
            "Name": null,
            "IsBigCraftable": false,
            "HasQualities": false,
            "RequiredSize": "Small",
            "ObjectId": "Raffadax.RCP_TomatoFlakes"
        },
        {
            "Name": null,
            "IsBigCraftable": false,
            "HasQualities": false,
            "RequiredSize": "Small",
            "ObjectId": "Raffadax.RCP_TopinamburPowder"
        },
        {
            "Name": null,
            "IsBigCraftable": false,
            "HasQualities": false,
            "RequiredSize": "Small",
            "ObjectId": "Raffadax.RCP_TruffleZest"
        },
        {
            "Name": null,
            "IsBigCraftable": false,
            "HasQualities": false,
            "RequiredSize": "Small",
            "ObjectId": "Raffadax.RCP_TurmericPowder"
        },
        {
            "Name": null,
            "IsBigCraftable": false,
            "HasQualities": false,
            "RequiredSize": "Small",
            "ObjectId": "Raffadax.RCP_VoidPowder"
        },
        {
            "Name": null,
            "IsBigCraftable": false,
            "HasQualities": false,
            "RequiredSize": "Small",
            "ObjectId": "Raffadax.RCP_VoodooDust"
        },
        {
            "Name": null,
            "IsBigCraftable": false,
            "HasQualities": false,
            "RequiredSize": "Small",
            "ObjectId": "Raffadax.RCP_WaldmeisterPowder"
        },
        {
            "Name": null,
            "IsBigCraftable": false,
            "HasQualities": false,
            "RequiredSize": "Small",
            "ObjectId": "Raffadax.RCP_WalnutFlour"
        },
        {
            "Name": null,
            "IsBigCraftable": false,
            "HasQualities": false,
            "RequiredSize": "Small",
            "ObjectId": "Raffadax.RCP_WhiteCacaoNibs"
        },
        {
            "Name": null,
            "IsBigCraftable": false,
            "HasQualities": false,
            "RequiredSize": "Small",
            "ObjectId": "Raffadax.RCP_WhiteCocoaPowder"
        },
        {
            "Name": null,
            "IsBigCraftable": false,
            "HasQualities": false,
            "RequiredSize": "Small",
            "ObjectId": "Raffadax.RCP_WhiteTruffleZest"
        },
        {
            "Name": null,
            "IsBigCraftable": false,
            "HasQualities": false,
            "RequiredSize": "Small",
            "ObjectId": "Raffadax.RCP_WintergreenPowder"
        },
        {
            "Name": null,
            "IsBigCraftable": false,
            "HasQualities": false,
            "RequiredSize": "Small",
            "ObjectId": "Raffadax.RCP_WitchHazelPowder"
        },
        {
            "Name": null,
            "IsBigCraftable": false,
            "HasQualities": false,
            "RequiredSize": "Small",
            "ObjectId": "Raffadax.RCP_WolfsbanePowder"
        },
        {
            "Name": null,
            "IsBigCraftable": false,
            "HasQualities": false,
            "RequiredSize": "Small",
            "ObjectId": "Raffadax.RCP_WoodruffPowder"
        },
        {
            "Name": null,
            "IsBigCraftable": false,
            "HasQualities": false,
            "RequiredSize": "Small",
            "ObjectId": "Raffadax.RCP_WormwoodPowder"
        },
        {
            "Name": null,
            "IsBigCraftable": false,
            "HasQualities": false,
            "RequiredSize": "Small",
            "ObjectId": "Raffadax.RCP_YarrowDust"
        },
        {
            "Name": null,
            "IsBigCraftable": false,
            "HasQualities": false,
            "RequiredSize": "Small",
            "ObjectId": "Raffadax.RCP_YarrowPowder"
        }
    ]
}