{
    "IsEnabled": true,
    "ModUniqueId": "Raffadax.RCP",
    "BagId": "Raffadax.Distillations.3",
    "BagName": "Raffadax Distillations Products (Le-Ro)",
    "BagDescription": "A bag for storing Raffadax Distillations Products (Le-Ro)",
    "IconTexture": "SpringObjects",
    "IconPosition": "{X:0 Y:0 Width:0 Height:0}",
    "Prices": {
        "Small": 1800,
        "Medium": 5400,
        "Large": 18000,
        "Giant": 54000,
        "Massive": 180000
    },
    "Capacities": {
        "Small": 30,
        "Medium": 99,
        "Large": 300,
        "Giant": 999,
        "Massive": 9999
    },
    "SizeSellers": {
        "Small": [
            "Pierre"
        ],
        "Medium": [
            "Pierre"
        ],
        "Large": [
            "Pierre"
        ],
        "Giant": [
            "Pierre"
        ],
        "Massive": [
            "Pierre"
        ]
    },
    "SizeMenuOptions": {
        "Small": {
            "GroupByQuality": true,
            "InventoryColumns": 12,
            "InventorySlotSize": 64,
            "GroupedLayoutOptions": {
                "GroupsPerRow": 5,
                "ShowValueColumn": true,
                "SlotSize": 64
            },
            "UngroupedLayoutOptions": {
                "Columns": 12,
                "LineBreakIndices": [],
                "LineBreakHeights": [],
                "SlotSize": 64
            }
        },
        "Medium": {
            "GroupByQuality": true,
            "InventoryColumns": 12,
            "InventorySlotSize": 64,
            "GroupedLayoutOptions": {
                "GroupsPerRow": 5,
                "ShowValueColumn": true,
                "SlotSize": 64
            },
            "UngroupedLayoutOptions": {
                "Columns": 12,
                "LineBreakIndices": [],
                "LineBreakHeights": [],
                "SlotSize": 64
            }
        },
        "Large": {
            "GroupByQuality": true,
            "InventoryColumns": 12,
            "InventorySlotSize": 64,
            "GroupedLayoutOptions": {
                "GroupsPerRow": 5,
                "ShowValueColumn": true,
                "SlotSize": 64
            },
            "UngroupedLayoutOptions": {
                "Columns": 12,
                "LineBreakIndices": [],
                "LineBreakHeights": [],
                "SlotSize": 64
            }
        },
        "Giant": {
            "GroupByQuality": true,
            "InventoryColumns": 12,
            "InventorySlotSize": 64,
            "GroupedLayoutOptions": {
                "GroupsPerRow": 5,
                "ShowValueColumn": true,
                "SlotSize": 64
            },
            "UngroupedLayoutOptions": {
                "Columns": 12,
                "LineBreakIndices": [],
                "LineBreakHeights": [],
                "SlotSize": 64
            }
        },
        "Massive": {
            "GroupByQuality": true,
            "InventoryColumns": 12,
            "InventorySlotSize": 64,
            "GroupedLayoutOptions": {
                "GroupsPerRow": 5,
                "ShowValueColumn": true,
                "SlotSize": 64
            },
            "UngroupedLayoutOptions": {
                "Columns": 12,
                "LineBreakIndices": [],
                "LineBreakHeights": [],
                "SlotSize": 64
            }
        }
    },
    "Items": [
        {
            "Name": null,
            "IsBigCraftable": false,
            "HasQualities": true,
            "RequiredSize": "Small",
            "ObjectId": "Raffadax.RCP_LemonBitters"
        },
        {
            "Name": null,
            "IsBigCraftable": false,
            "HasQualities": true,
            "RequiredSize": "Small",
            "ObjectId": "Raffadax.RCP_LemonBrandy"
        },
        {
            "Name": null,
            "IsBigCraftable": false,
            "HasQualities": true,
            "RequiredSize": "Small",
            "ObjectId": "Raffadax.RCP_LemongrassLiqueur"
        },
        {
            "Name": null,
            "IsBigCraftable": false,
            "HasQualities": true,
            "RequiredSize": "Small",
            "ObjectId": "Raffadax.RCP_LethalDram"
        },
        {
            "Name": null,
            "IsBigCraftable": false,
            "HasQualities": true,
            "RequiredSize": "Small",
            "ObjectId": "Raffadax.RCP_LilacBalsam"
        },
        {
            "Name": null,
            "IsBigCraftable": false,
            "HasQualities": true,
            "RequiredSize": "Small",
            "ObjectId": "Raffadax.RCP_LilacBrandy"
        },
        {
            "Name": null,
            "IsBigCraftable": false,
            "HasQualities": true,
            "RequiredSize": "Small",
            "ObjectId": "Raffadax.RCP_LilacLiqueur"
        },
        {
            "Name": null,
            "IsBigCraftable": false,
            "HasQualities": true,
            "RequiredSize": "Small",
            "ObjectId": "Raffadax.RCP_LilacNectar"
        },
        {
            "Name": null,
            "IsBigCraftable": false,
            "HasQualities": true,
            "RequiredSize": "Small",
            "ObjectId": "Raffadax.RCP_LimeBitters"
        },
        {
            "Name": null,
            "IsBigCraftable": false,
            "HasQualities": true,
            "RequiredSize": "Small",
            "ObjectId": "Raffadax.RCP_LimeBrandy"
        },
        {
            "Name": null,
            "IsBigCraftable": false,
            "HasQualities": true,
            "RequiredSize": "Small",
            "ObjectId": "Raffadax.RCP_LimeLiqueur"
        },
        {
            "Name": null,
            "IsBigCraftable": false,
            "HasQualities": true,
            "RequiredSize": "Small",
            "ObjectId": "Raffadax.RCP_Limoncello"
        },
        {
            "Name": null,
            "IsBigCraftable": false,
            "HasQualities": true,
            "RequiredSize": "Small",
            "ObjectId": "Raffadax.RCP_LindenBalsam"
        },
        {
            "Name": null,
            "IsBigCraftable": false,
            "HasQualities": true,
            "RequiredSize": "Small",
            "ObjectId": "Raffadax.RCP_LindenBrandy"
        },
        {
            "Name": null,
            "IsBigCraftable": false,
            "HasQualities": true,
            "RequiredSize": "Small",
            "ObjectId": "Raffadax.RCP_LindenLiqueur"
        },
        {
            "Name": null,
            "IsBigCraftable": false,
            "HasQualities": true,
            "RequiredSize": "Small",
            "ObjectId": "Raffadax.RCP_LindenNectar"
        },
        {
            "Name": null,
            "IsBigCraftable": false,
            "HasQualities": true,
            "RequiredSize": "Small",
            "ObjectId": "Raffadax.RCP_LiquoreAlloro"
        },
        {
            "Name": null,
            "IsBigCraftable": false,
            "HasQualities": true,
            "RequiredSize": "Small",
            "ObjectId": "Raffadax.RCP_LuckTonic"
        },
        {
            "Name": null,
            "IsBigCraftable": false,
            "HasQualities": true,
            "RequiredSize": "Small",
            "ObjectId": "Raffadax.RCP_LuminousPotion"
        },
        {
            "Name": null,
            "IsBigCraftable": false,
            "HasQualities": true,
            "RequiredSize": "Small",
            "ObjectId": "Raffadax.RCP_LycheeBrandy"
        },
        {
            "Name": null,
            "IsBigCraftable": false,
            "HasQualities": true,
            "RequiredSize": "Small",
            "ObjectId": "Raffadax.RCP_LycheeLiqueur"
        },
        {
            "Name": null,
            "IsBigCraftable": false,
            "HasQualities": true,
            "RequiredSize": "Small",
            "ObjectId": "Raffadax.RCP_MacadamiaLiqueur"
        },
        {
            "Name": null,
            "IsBigCraftable": false,
            "HasQualities": true,
            "RequiredSize": "Small",
            "ObjectId": "Raffadax.RCP_MaelstromWater"
        },
        {
            "Name": null,
            "IsBigCraftable": false,
            "HasQualities": true,
            "RequiredSize": "Small",
            "ObjectId": "Raffadax.RCP_MaenadMidus"
        },
        {
            "Name": null,
            "IsBigCraftable": false,
            "HasQualities": true,
            "RequiredSize": "Small",
            "ObjectId": "Raffadax.RCP_MaenadNectar"
        },
        {
            "Name": null,
            "IsBigCraftable": false,
            "HasQualities": true,
            "RequiredSize": "Small",
            "ObjectId": "Raffadax.RCP_MaltWhiskey"
        },
        {
            "Name": null,
            "IsBigCraftable": false,
            "HasQualities": true,
            "RequiredSize": "Small",
            "ObjectId": "Raffadax.RCP_MandarinOrangeBrandy"
        },
        {
            "Name": null,
            "IsBigCraftable": false,
            "HasQualities": true,
            "RequiredSize": "Small",
            "ObjectId": "Raffadax.RCP_MandarinOrangeLiqueur"
        },
        {
            "Name": null,
            "IsBigCraftable": false,
            "HasQualities": true,
            "RequiredSize": "Small",
            "ObjectId": "Raffadax.RCP_MandragoraFlowerBrandy"
        },
        {
            "Name": null,
            "IsBigCraftable": false,
            "HasQualities": true,
            "RequiredSize": "Small",
            "ObjectId": "Raffadax.RCP_MandrakeBrandy"
        },
        {
            "Name": null,
            "IsBigCraftable": false,
            "HasQualities": true,
            "RequiredSize": "Small",
            "ObjectId": "Raffadax.RCP_MandrakeDrakas"
        },
        {
            "Name": null,
            "IsBigCraftable": false,
            "HasQualities": true,
            "RequiredSize": "Small",
            "ObjectId": "Raffadax.RCP_MandrakeNectar"
        },
        {
            "Name": null,
            "IsBigCraftable": false,
            "HasQualities": true,
            "RequiredSize": "Small",
            "ObjectId": "Raffadax.RCP_MandrakeTears"
        },
        {
            "Name": null,
            "IsBigCraftable": false,
            "HasQualities": true,
            "RequiredSize": "Small",
            "ObjectId": "Raffadax.RCP_MangoBrandy"
        },
        {
            "Name": null,
            "IsBigCraftable": false,
            "HasQualities": true,
            "RequiredSize": "Small",
            "ObjectId": "Raffadax.RCP_MangoLiqueur"
        },
        {
            "Name": null,
            "IsBigCraftable": false,
            "HasQualities": true,
            "RequiredSize": "Small",
            "ObjectId": "Raffadax.RCP_MapleLiqueur"
        },
        {
            "Name": null,
            "IsBigCraftable": false,
            "HasQualities": true,
            "RequiredSize": "Small",
            "ObjectId": "Raffadax.RCP_MapleSeedLiqueur"
        },
        {
            "Name": null,
            "IsBigCraftable": false,
            "HasQualities": true,
            "RequiredSize": "Small",
            "ObjectId": "Raffadax.RCP_MarconaAmaretto"
        },
        {
            "Name": null,
            "IsBigCraftable": false,
            "HasQualities": true,
            "RequiredSize": "Small",
            "ObjectId": "Raffadax.RCP_MelonBrandy"
        },
        {
            "Name": null,
            "IsBigCraftable": false,
            "HasQualities": true,
            "RequiredSize": "Small",
            "ObjectId": "Raffadax.RCP_MelonLiqueur"
        },
        {
            "Name": null,
            "IsBigCraftable": false,
            "HasQualities": true,
            "RequiredSize": "Small",
            "ObjectId": "Raffadax.RCP_MeyerLemonBrandy"
        },
        {
            "Name": null,
            "IsBigCraftable": false,
            "HasQualities": true,
            "RequiredSize": "Small",
            "ObjectId": "Raffadax.RCP_MeyerLimoncello"
        },
        {
            "Name": null,
            "IsBigCraftable": false,
            "HasQualities": true,
            "RequiredSize": "Small",
            "ObjectId": "Raffadax.RCP_Mezcal"
        },
        {
            "Name": null,
            "IsBigCraftable": false,
            "HasQualities": true,
            "RequiredSize": "Small",
            "ObjectId": "Raffadax.RCP_MimosaFlowerBalsam"
        },
        {
            "Name": null,
            "IsBigCraftable": false,
            "HasQualities": true,
            "RequiredSize": "Small",
            "ObjectId": "Raffadax.RCP_MimosaFlowerBrandy"
        },
        {
            "Name": null,
            "IsBigCraftable": false,
            "HasQualities": true,
            "RequiredSize": "Small",
            "ObjectId": "Raffadax.RCP_MimosaFlowerLiqueur"
        },
        {
            "Name": null,
            "IsBigCraftable": false,
            "HasQualities": true,
            "RequiredSize": "Small",
            "ObjectId": "Raffadax.RCP_MimosaFlowerNectar"
        },
        {
            "Name": null,
            "IsBigCraftable": false,
            "HasQualities": true,
            "RequiredSize": "Small",
            "ObjectId": "Raffadax.RCP_MintFlowerBalsam"
        },
        {
            "Name": null,
            "IsBigCraftable": false,
            "HasQualities": true,
            "RequiredSize": "Small",
            "ObjectId": "Raffadax.RCP_MintFlowerBrandy"
        },
        {
            "Name": null,
            "IsBigCraftable": false,
            "HasQualities": true,
            "RequiredSize": "Small",
            "ObjectId": "Raffadax.RCP_MintFlowerLiqueur"
        },
        {
            "Name": null,
            "IsBigCraftable": false,
            "HasQualities": true,
            "RequiredSize": "Small",
            "ObjectId": "Raffadax.RCP_MintFlowerNectar"
        },
        {
            "Name": null,
            "IsBigCraftable": false,
            "HasQualities": true,
            "RequiredSize": "Small",
            "ObjectId": "Raffadax.RCP_MistletoeBrandy"
        },
        {
            "Name": null,
            "IsBigCraftable": false,
            "HasQualities": true,
            "RequiredSize": "Small",
            "ObjectId": "Raffadax.RCP_MistletoeLiqueur"
        },
        {
            "Name": null,
            "IsBigCraftable": false,
            "HasQualities": true,
            "RequiredSize": "Small",
            "ObjectId": "Raffadax.RCP_MonsteraBrandy"
        },
        {
            "Name": null,
            "IsBigCraftable": false,
            "HasQualities": true,
            "RequiredSize": "Small",
            "ObjectId": "Raffadax.RCP_MonsteraLiqueur"
        },
        {
            "Name": null,
            "IsBigCraftable": false,
            "HasQualities": true,
            "RequiredSize": "Small",
            "ObjectId": "Raffadax.RCP_MoonbeamBrandy"
        },
        {
            "Name": null,
            "IsBigCraftable": false,
            "HasQualities": true,
            "RequiredSize": "Small",
            "ObjectId": "Raffadax.RCP_MoonberryBrandy"
        },
        {
            "Name": null,
            "IsBigCraftable": false,
            "HasQualities": true,
            "RequiredSize": "Small",
            "ObjectId": "Raffadax.RCP_MoonberryGin"
        },
        {
            "Name": null,
            "IsBigCraftable": false,
            "HasQualities": true,
            "RequiredSize": "Small",
            "ObjectId": "Raffadax.RCP_MoonlightDrakas"
        },
        {
            "Name": null,
            "IsBigCraftable": false,
            "HasQualities": true,
            "RequiredSize": "Small",
            "ObjectId": "Raffadax.RCP_MoonlightNectar"
        },
        {
            "Name": null,
            "IsBigCraftable": false,
            "HasQualities": true,
            "RequiredSize": "Small",
            "ObjectId": "Raffadax.RCP_MulberryBrandy"
        },
        {
            "Name": null,
            "IsBigCraftable": false,
            "HasQualities": true,
            "RequiredSize": "Small",
            "ObjectId": "Raffadax.RCP_MulberryLiqueur"
        },
        {
            "Name": null,
            "IsBigCraftable": false,
            "HasQualities": true,
            "RequiredSize": "Small",
            "ObjectId": "Raffadax.RCP_MyristicaBrandy"
        },
        {
            "Name": null,
            "IsBigCraftable": false,
            "HasQualities": true,
            "RequiredSize": "Small",
            "ObjectId": "Raffadax.RCP_MyristicaLiqueur"
        },
        {
            "Name": null,
            "IsBigCraftable": false,
            "HasQualities": true,
            "RequiredSize": "Small",
            "ObjectId": "Raffadax.RCP_Nectar"
        },
        {
            "Name": null,
            "IsBigCraftable": false,
            "HasQualities": true,
            "RequiredSize": "Small",
            "ObjectId": "Raffadax.RCP_NectarofStrife"
        },
        {
            "Name": null,
            "IsBigCraftable": false,
            "HasQualities": true,
            "RequiredSize": "Small",
            "ObjectId": "Raffadax.RCP_NettleBlossomBalsam"
        },
        {
            "Name": null,
            "IsBigCraftable": false,
            "HasQualities": true,
            "RequiredSize": "Small",
            "ObjectId": "Raffadax.RCP_NettleBlossomBrandy"
        },
        {
            "Name": null,
            "IsBigCraftable": false,
            "HasQualities": true,
            "RequiredSize": "Small",
            "ObjectId": "Raffadax.RCP_NettleBlossomLiqueur"
        },
        {
            "Name": null,
            "IsBigCraftable": false,
            "HasQualities": true,
            "RequiredSize": "Small",
            "ObjectId": "Raffadax.RCP_NettleBlossomNectar"
        },
        {
            "Name": null,
            "IsBigCraftable": false,
            "HasQualities": true,
            "RequiredSize": "Small",
            "ObjectId": "Raffadax.RCP_NigellaBalsam"
        },
        {
            "Name": null,
            "IsBigCraftable": false,
            "HasQualities": true,
            "RequiredSize": "Small",
            "ObjectId": "Raffadax.RCP_NigellaBrandy"
        },
        {
            "Name": null,
            "IsBigCraftable": false,
            "HasQualities": true,
            "RequiredSize": "Small",
            "ObjectId": "Raffadax.RCP_NigellaLiqueur"
        },
        {
            "Name": null,
            "IsBigCraftable": false,
            "HasQualities": true,
            "RequiredSize": "Small",
            "ObjectId": "Raffadax.RCP_NigellaNectar"
        },
        {
            "Name": null,
            "IsBigCraftable": false,
            "HasQualities": true,
            "RequiredSize": "Small",
            "ObjectId": "Raffadax.RCP_NightshadeLiqueur"
        },
        {
            "Name": null,
            "IsBigCraftable": false,
            "HasQualities": true,
            "RequiredSize": "Small",
            "ObjectId": "Raffadax.RCP_NinoBananaBrandy"
        },
        {
            "Name": null,
            "IsBigCraftable": false,
            "HasQualities": true,
            "RequiredSize": "Small",
            "ObjectId": "Raffadax.RCP_NinoBananaLiqueur"
        },
        {
            "Name": null,
            "IsBigCraftable": false,
            "HasQualities": true,
            "RequiredSize": "Small",
            "ObjectId": "Raffadax.RCP_Nocino"
        },
        {
            "Name": null,
            "IsBigCraftable": false,
            "HasQualities": true,
            "RequiredSize": "Small",
            "ObjectId": "Raffadax.RCP_NovumElementum"
        },
        {
            "Name": null,
            "IsBigCraftable": false,
            "HasQualities": true,
            "RequiredSize": "Small",
            "ObjectId": "Raffadax.RCP_NoxiousBrandy"
        },
        {
            "Name": null,
            "IsBigCraftable": false,
            "HasQualities": true,
            "RequiredSize": "Small",
            "ObjectId": "Raffadax.RCP_NutmegLiqueur"
        },
        {
            "Name": null,
            "IsBigCraftable": false,
            "HasQualities": true,
            "RequiredSize": "Small",
            "ObjectId": "Raffadax.RCP_OatWhiskey"
        },
        {
            "Name": null,
            "IsBigCraftable": false,
            "HasQualities": true,
            "RequiredSize": "Small",
            "ObjectId": "Raffadax.RCP_OpuntiaBalsam"
        },
        {
            "Name": null,
            "IsBigCraftable": false,
            "HasQualities": true,
            "RequiredSize": "Small",
            "ObjectId": "Raffadax.RCP_OpuntiaBrandy"
        },
        {
            "Name": null,
            "IsBigCraftable": false,
            "HasQualities": true,
            "RequiredSize": "Small",
            "ObjectId": "Raffadax.RCP_OpuntiaLiqueur"
        },
        {
            "Name": null,
            "IsBigCraftable": false,
            "HasQualities": true,
            "RequiredSize": "Small",
            "ObjectId": "Raffadax.RCP_OpuntiaNectar"
        },
        {
            "Name": null,
            "IsBigCraftable": false,
            "HasQualities": true,
            "RequiredSize": "Small",
            "ObjectId": "Raffadax.RCP_OrangeBitters"
        },
        {
            "Name": null,
            "IsBigCraftable": false,
            "HasQualities": true,
            "RequiredSize": "Small",
            "ObjectId": "Raffadax.RCP_OrangeBrandy"
        },
        {
            "Name": null,
            "IsBigCraftable": false,
            "HasQualities": true,
            "RequiredSize": "Small",
            "ObjectId": "Raffadax.RCP_OrangeLiqueur"
        },
        {
            "Name": null,
            "IsBigCraftable": false,
            "HasQualities": true,
            "RequiredSize": "Small",
            "ObjectId": "Raffadax.RCP_OreganoLiqueur"
        },
        {
            "Name": null,
            "IsBigCraftable": false,
            "HasQualities": true,
            "RequiredSize": "Small",
            "ObjectId": "Raffadax.RCP_OsmanthusBalsam"
        },
        {
            "Name": null,
            "IsBigCraftable": false,
            "HasQualities": true,
            "RequiredSize": "Small",
            "ObjectId": "Raffadax.RCP_OsmanthusBrandy"
        },
        {
            "Name": null,
            "IsBigCraftable": false,
            "HasQualities": true,
            "RequiredSize": "Small",
            "ObjectId": "Raffadax.RCP_OsmanthusLiqueur"
        },
        {
            "Name": null,
            "IsBigCraftable": false,
            "HasQualities": true,
            "RequiredSize": "Small",
            "ObjectId": "Raffadax.RCP_OsmanthusNectar"
        },
        {
            "Name": null,
            "IsBigCraftable": false,
            "HasQualities": true,
            "RequiredSize": "Small",
            "ObjectId": "Raffadax.RCP_Ouzo"
        },
        {
            "Name": null,
            "IsBigCraftable": false,
            "HasQualities": true,
            "RequiredSize": "Small",
            "ObjectId": "Raffadax.RCP_Pamplemousse"
        },
        {
            "Name": null,
            "IsBigCraftable": false,
            "HasQualities": true,
            "RequiredSize": "Small",
            "ObjectId": "Raffadax.RCP_PamplemousseRouge"
        },
        {
            "Name": null,
            "IsBigCraftable": false,
            "HasQualities": true,
            "RequiredSize": "Small",
            "ObjectId": "Raffadax.RCP_PapayaBrandy"
        },
        {
            "Name": null,
            "IsBigCraftable": false,
            "HasQualities": true,
            "RequiredSize": "Small",
            "ObjectId": "Raffadax.RCP_PapayaLiqueur"
        },
        {
            "Name": null,
            "IsBigCraftable": false,
            "HasQualities": true,
            "RequiredSize": "Small",
            "ObjectId": "Raffadax.RCP_PassionFlowerBalsam"
        },
        {
            "Name": null,
            "IsBigCraftable": false,
            "HasQualities": true,
            "RequiredSize": "Small",
            "ObjectId": "Raffadax.RCP_PassionFlowerBrandy"
        },
        {
            "Name": null,
            "IsBigCraftable": false,
            "HasQualities": true,
            "RequiredSize": "Small",
            "ObjectId": "Raffadax.RCP_PassionFlowerLiqueur"
        },
        {
            "Name": null,
            "IsBigCraftable": false,
            "HasQualities": true,
            "RequiredSize": "Small",
            "ObjectId": "Raffadax.RCP_PassionFlowerNectar"
        },
        {
            "Name": null,
            "IsBigCraftable": false,
            "HasQualities": true,
            "RequiredSize": "Small",
            "ObjectId": "Raffadax.RCP_PassionFruitBrandy"
        },
        {
            "Name": null,
            "IsBigCraftable": false,
            "HasQualities": true,
            "RequiredSize": "Small",
            "ObjectId": "Raffadax.RCP_PassionFruitLiqueur"
        },
        {
            "Name": null,
            "IsBigCraftable": false,
            "HasQualities": true,
            "RequiredSize": "Small",
            "ObjectId": "Raffadax.RCP_PeachBrandy"
        },
        {
            "Name": null,
            "IsBigCraftable": false,
            "HasQualities": true,
            "RequiredSize": "Small",
            "ObjectId": "Raffadax.RCP_PeachLiqueur"
        },
        {
            "Name": null,
            "IsBigCraftable": false,
            "HasQualities": true,
            "RequiredSize": "Small",
            "ObjectId": "Raffadax.RCP_PeachSchnapps"
        },
        {
            "Name": null,
            "IsBigCraftable": false,
            "HasQualities": true,
            "RequiredSize": "Small",
            "ObjectId": "Raffadax.RCP_PeanutButterWhiskey"
        },
        {
            "Name": null,
            "IsBigCraftable": false,
            "HasQualities": true,
            "RequiredSize": "Small",
            "ObjectId": "Raffadax.RCP_PeanutLiqueur"
        },
        {
            "Name": null,
            "IsBigCraftable": false,
            "HasQualities": true,
            "RequiredSize": "Small",
            "ObjectId": "Raffadax.RCP_PearBrandy"
        },
        {
            "Name": null,
            "IsBigCraftable": false,
            "HasQualities": true,
            "RequiredSize": "Small",
            "ObjectId": "Raffadax.RCP_PearLiqueur"
        },
        {
            "Name": null,
            "IsBigCraftable": false,
            "HasQualities": true,
            "RequiredSize": "Small",
            "ObjectId": "Raffadax.RCP_PecanLiqueur"
        },
        {
            "Name": null,
            "IsBigCraftable": false,
            "HasQualities": true,
            "RequiredSize": "Small",
            "ObjectId": "Raffadax.RCP_PeppercornBitters"
        },
        {
            "Name": null,
            "IsBigCraftable": false,
            "HasQualities": true,
            "RequiredSize": "Small",
            "ObjectId": "Raffadax.RCP_PeppermintSchnapps"
        },
        {
            "Name": null,
            "IsBigCraftable": false,
            "HasQualities": true,
            "RequiredSize": "Small",
            "ObjectId": "Raffadax.RCP_PeriwinkleBalsam"
        },
        {
            "Name": null,
            "IsBigCraftable": false,
            "HasQualities": true,
            "RequiredSize": "Small",
            "ObjectId": "Raffadax.RCP_PeriwinkleBrandy"
        },
        {
            "Name": null,
            "IsBigCraftable": false,
            "HasQualities": true,
            "RequiredSize": "Small",
            "ObjectId": "Raffadax.RCP_PeriwinkleLiqueur"
        },
        {
            "Name": null,
            "IsBigCraftable": false,
            "HasQualities": true,
            "RequiredSize": "Small",
            "ObjectId": "Raffadax.RCP_PeriwinkleNectar"
        },
        {
            "Name": null,
            "IsBigCraftable": false,
            "HasQualities": true,
            "RequiredSize": "Small",
            "ObjectId": "Raffadax.RCP_PersimmonBrandy"
        },
        {
            "Name": null,
            "IsBigCraftable": false,
            "HasQualities": true,
            "RequiredSize": "Small",
            "ObjectId": "Raffadax.RCP_PersimmonLiqueur"
        },
        {
            "Name": null,
            "IsBigCraftable": false,
            "HasQualities": true,
            "RequiredSize": "Small",
            "ObjectId": "Raffadax.RCP_PhoenixTears"
        },
        {
            "Name": null,
            "IsBigCraftable": false,
            "HasQualities": true,
            "RequiredSize": "Small",
            "ObjectId": "Raffadax.RCP_PimentoBerryLiqueur"
        },
        {
            "Name": null,
            "IsBigCraftable": false,
            "HasQualities": true,
            "RequiredSize": "Small",
            "ObjectId": "Raffadax.RCP_PimentoBrandy"
        },
        {
            "Name": null,
            "IsBigCraftable": false,
            "HasQualities": true,
            "RequiredSize": "Small",
            "ObjectId": "Raffadax.RCP_PineNectar"
        },
        {
            "Name": null,
            "IsBigCraftable": false,
            "HasQualities": true,
            "RequiredSize": "Small",
            "ObjectId": "Raffadax.RCP_PineNutLiqueur"
        },
        {
            "Name": null,
            "IsBigCraftable": false,
            "HasQualities": true,
            "RequiredSize": "Small",
            "ObjectId": "Raffadax.RCP_PineappleBrandy"
        },
        {
            "Name": null,
            "IsBigCraftable": false,
            "HasQualities": true,
            "RequiredSize": "Small",
            "ObjectId": "Raffadax.RCP_PineappleLiqueur"
        },
        {
            "Name": null,
            "IsBigCraftable": false,
            "HasQualities": true,
            "RequiredSize": "Small",
            "ObjectId": "Raffadax.RCP_PinkLemonBitters"
        },
        {
            "Name": null,
            "IsBigCraftable": false,
            "HasQualities": true,
            "RequiredSize": "Small",
            "ObjectId": "Raffadax.RCP_PinkLemonBrandy"
        },
        {
            "Name": null,
            "IsBigCraftable": false,
            "HasQualities": true,
            "RequiredSize": "Small",
            "ObjectId": "Raffadax.RCP_PinkLemonLiqueur"
        },
        {
            "Name": null,
            "IsBigCraftable": false,
            "HasQualities": true,
            "RequiredSize": "Small",
            "ObjectId": "Raffadax.RCP_Piquette"
        },
        {
            "Name": null,
            "IsBigCraftable": false,
            "HasQualities": true,
            "RequiredSize": "Small",
            "ObjectId": "Raffadax.RCP_Pisco"
        },
        {
            "Name": null,
            "IsBigCraftable": false,
            "HasQualities": true,
            "RequiredSize": "Small",
            "ObjectId": "Raffadax.RCP_PistachioLiqueur"
        },
        {
            "Name": null,
            "IsBigCraftable": false,
            "HasQualities": true,
            "RequiredSize": "Small",
            "ObjectId": "Raffadax.RCP_PlantainAmaro"
        },
        {
            "Name": null,
            "IsBigCraftable": false,
            "HasQualities": true,
            "RequiredSize": "Small",
            "ObjectId": "Raffadax.RCP_PoinsettiaBalsam"
        },
        {
            "Name": null,
            "IsBigCraftable": false,
            "HasQualities": true,
            "RequiredSize": "Small",
            "ObjectId": "Raffadax.RCP_PoinsettiaBrandy"
        },
        {
            "Name": null,
            "IsBigCraftable": false,
            "HasQualities": true,
            "RequiredSize": "Small",
            "ObjectId": "Raffadax.RCP_PoinsettiaLiqueur"
        },
        {
            "Name": null,
            "IsBigCraftable": false,
            "HasQualities": true,
            "RequiredSize": "Small",
            "ObjectId": "Raffadax.RCP_PoinsettiaNectar"
        },
        {
            "Name": null,
            "IsBigCraftable": false,
            "HasQualities": true,
            "RequiredSize": "Small",
            "ObjectId": "Raffadax.RCP_PoisonAppleBrandy"
        },
        {
            "Name": null,
            "IsBigCraftable": false,
            "HasQualities": true,
            "RequiredSize": "Small",
            "ObjectId": "Raffadax.RCP_PoisonAppleLiqueur"
        },
        {
            "Name": null,
            "IsBigCraftable": false,
            "HasQualities": true,
            "RequiredSize": "Small",
            "ObjectId": "Raffadax.RCP_Poitin"
        },
        {
            "Name": null,
            "IsBigCraftable": false,
            "HasQualities": true,
            "RequiredSize": "Small",
            "ObjectId": "Raffadax.RCP_PolarBerryBrandy"
        },
        {
            "Name": null,
            "IsBigCraftable": false,
            "HasQualities": true,
            "RequiredSize": "Small",
            "ObjectId": "Raffadax.RCP_PolarNectar"
        },
        {
            "Name": null,
            "IsBigCraftable": false,
            "HasQualities": true,
            "RequiredSize": "Small",
            "ObjectId": "Raffadax.RCP_PomegranateBrandy"
        },
        {
            "Name": null,
            "IsBigCraftable": false,
            "HasQualities": true,
            "RequiredSize": "Small",
            "ObjectId": "Raffadax.RCP_PomegranateLiqueur"
        },
        {
            "Name": null,
            "IsBigCraftable": false,
            "HasQualities": true,
            "RequiredSize": "Small",
            "ObjectId": "Raffadax.RCP_PoppyFlowerLiqueur"
        },
        {
            "Name": null,
            "IsBigCraftable": false,
            "HasQualities": true,
            "RequiredSize": "Small",
            "ObjectId": "Raffadax.RCP_PoppyFlowerNectar"
        },
        {
            "Name": null,
            "IsBigCraftable": false,
            "HasQualities": true,
            "RequiredSize": "Small",
            "ObjectId": "Raffadax.RCP_PotatoVodka"
        },
        {
            "Name": null,
            "IsBigCraftable": false,
            "HasQualities": true,
            "RequiredSize": "Small",
            "ObjectId": "Raffadax.RCP_PricklyPearBrandy"
        },
        {
            "Name": null,
            "IsBigCraftable": false,
            "HasQualities": true,
            "RequiredSize": "Small",
            "ObjectId": "Raffadax.RCP_PricklyPearLiqueur"
        },
        {
            "Name": null,
            "IsBigCraftable": false,
            "HasQualities": true,
            "RequiredSize": "Small",
            "ObjectId": "Raffadax.RCP_PruneBrandy"
        },
        {
            "Name": null,
            "IsBigCraftable": false,
            "HasQualities": true,
            "RequiredSize": "Small",
            "ObjectId": "Raffadax.RCP_PruneLiqueur"
        },
        {
            "Name": null,
            "IsBigCraftable": false,
            "HasQualities": true,
            "RequiredSize": "Small",
            "ObjectId": "Raffadax.RCP_PumpkinBrandy"
        },
        {
            "Name": null,
            "IsBigCraftable": false,
            "HasQualities": true,
            "RequiredSize": "Small",
            "ObjectId": "Raffadax.RCP_PumpkinLiqueur"
        },
        {
            "Name": null,
            "IsBigCraftable": false,
            "HasQualities": true,
            "RequiredSize": "Small",
            "ObjectId": "Raffadax.RCP_QiFruitBrandy"
        },
        {
            "Name": null,
            "IsBigCraftable": false,
            "HasQualities": true,
            "RequiredSize": "Small",
            "ObjectId": "Raffadax.RCP_QiFruitLiqueur"
        },
        {
            "Name": null,
            "IsBigCraftable": false,
            "HasQualities": true,
            "RequiredSize": "Small",
            "ObjectId": "Raffadax.RCP_QuinceBrandy"
        },
        {
            "Name": null,
            "IsBigCraftable": false,
            "HasQualities": true,
            "RequiredSize": "Small",
            "ObjectId": "Raffadax.RCP_QuinceLiqueur"
        },
        {
            "Name": null,
            "IsBigCraftable": false,
            "HasQualities": true,
            "RequiredSize": "Small",
            "ObjectId": "Raffadax.RCP_RainforestDrakas"
        },
        {
            "Name": null,
            "IsBigCraftable": false,
            "HasQualities": true,
            "RequiredSize": "Small",
            "ObjectId": "Raffadax.RCP_RainforestNectar"
        },
        {
            "Name": null,
            "IsBigCraftable": false,
            "HasQualities": true,
            "RequiredSize": "Small",
            "ObjectId": "Raffadax.RCP_RainforestTonic"
        },
        {
            "Name": null,
            "IsBigCraftable": false,
            "HasQualities": true,
            "RequiredSize": "Small",
            "ObjectId": "Raffadax.RCP_RainsofBunzi"
        },
        {
            "Name": null,
            "IsBigCraftable": false,
            "HasQualities": true,
            "RequiredSize": "Small",
            "ObjectId": "Raffadax.RCP_RainsofYingarna"
        },
        {
            "Name": null,
            "IsBigCraftable": false,
            "HasQualities": true,
            "RequiredSize": "Small",
            "ObjectId": "Raffadax.RCP_RaisinBrandy"
        },
        {
            "Name": null,
            "IsBigCraftable": false,
            "HasQualities": true,
            "RequiredSize": "Small",
            "ObjectId": "Raffadax.RCP_RaisinLiqueur"
        },
        {
            "Name": null,
            "IsBigCraftable": false,
            "HasQualities": true,
            "RequiredSize": "Small",
            "ObjectId": "Raffadax.RCP_RambutanBrandy"
        },
        {
            "Name": null,
            "IsBigCraftable": false,
            "HasQualities": true,
            "RequiredSize": "Small",
            "ObjectId": "Raffadax.RCP_RambutanLiqueur"
        },
        {
            "Name": null,
            "IsBigCraftable": false,
            "HasQualities": true,
            "RequiredSize": "Small",
            "ObjectId": "Raffadax.RCP_RaspberryBrandy"
        },
        {
            "Name": null,
            "IsBigCraftable": false,
            "HasQualities": true,
            "RequiredSize": "Small",
            "ObjectId": "Raffadax.RCP_RaspberryLiqueur"
        },
        {
            "Name": null,
            "IsBigCraftable": false,
            "HasQualities": true,
            "RequiredSize": "Small",
            "ObjectId": "Raffadax.RCP_RedGrapefruitBrandy"
        },
        {
            "Name": null,
            "IsBigCraftable": false,
            "HasQualities": true,
            "RequiredSize": "Small",
            "ObjectId": "Raffadax.RCP_RhubarbAperitif"
        },
        {
            "Name": null,
            "IsBigCraftable": false,
            "HasQualities": true,
            "RequiredSize": "Small",
            "ObjectId": "Raffadax.RCP_RhubarbBrandy"
        },
        {
            "Name": null,
            "IsBigCraftable": false,
            "HasQualities": true,
            "RequiredSize": "Small",
            "ObjectId": "Raffadax.RCP_RhubarbLiqueur"
        },
        {
            "Name": null,
            "IsBigCraftable": false,
            "HasQualities": true,
            "RequiredSize": "Small",
            "ObjectId": "Raffadax.RCP_RooibosBalsam"
        },
        {
            "Name": null,
            "IsBigCraftable": false,
            "HasQualities": true,
            "RequiredSize": "Small",
            "ObjectId": "Raffadax.RCP_RooibosLiqueur"
        },
        {
            "Name": null,
            "IsBigCraftable": false,
            "HasQualities": true,
            "RequiredSize": "Small",
            "ObjectId": "Raffadax.RCP_RooibosNectar"
        },
        {
            "Name": null,
            "IsBigCraftable": false,
            "HasQualities": true,
            "RequiredSize": "Small",
            "ObjectId": "Raffadax.RCP_RootBeerSchnapps"
        },
        {
            "Name": null,
            "IsBigCraftable": false,
            "HasQualities": true,
            "RequiredSize": "Small",
            "ObjectId": "Raffadax.RCP_RoseBalsam"
        },
        {
            "Name": null,
            "IsBigCraftable": false,
            "HasQualities": true,
            "RequiredSize": "Small",
            "ObjectId": "Raffadax.RCP_RoseBrandy"
        }
    ]
}