{
    "IsEnabled": true,
    "ModUniqueId": "Raffadax.RCP",
    "BagId": "Raffadax.Rare.Forage",
    "BagName": "Raffadax Rare Forage",
    "BagDescription": "A bag for storing Raffadax Rare Forage",
    "IconTexture": "SpringObjects",
    "IconPosition": "{X:0 Y:0 Width:0 Height:0}",
    "Prices": {
        "Small": 290,
        "Medium": 870,
        "Large": 2900,
        "Giant": 8700,
        "Massive": 29000
    },
    "Capacities": {
        "Small": 30,
        "Medium": 99,
        "Large": 300,
        "Giant": 999,
        "Massive": 9999
    },
    "SizeSellers": {
        "Small": [
            "Pierre"
        ],
        "Medium": [
            "Pierre"
        ],
        "Large": [
            "Pierre"
        ],
        "Giant": [
            "Pierre"
        ],
        "Massive": [
            "Pierre"
        ]
    },
    "SizeMenuOptions": {
        "Small": {
            "GroupByQuality": true,
            "InventoryColumns": 12,
            "InventorySlotSize": 64,
            "GroupedLayoutOptions": {
                "GroupsPerRow": 5,
                "ShowValueColumn": true,
                "SlotSize": 64
            },
            "UngroupedLayoutOptions": {
                "Columns": 12,
                "LineBreakIndices": [],
                "LineBreakHeights": [],
                "SlotSize": 64
            }
        },
        "Medium": {
            "GroupByQuality": true,
            "InventoryColumns": 12,
            "InventorySlotSize": 64,
            "GroupedLayoutOptions": {
                "GroupsPerRow": 5,
                "ShowValueColumn": true,
                "SlotSize": 64
            },
            "UngroupedLayoutOptions": {
                "Columns": 12,
                "LineBreakIndices": [],
                "LineBreakHeights": [],
                "SlotSize": 64
            }
        },
        "Large": {
            "GroupByQuality": true,
            "InventoryColumns": 12,
            "InventorySlotSize": 64,
            "GroupedLayoutOptions": {
                "GroupsPerRow": 5,
                "ShowValueColumn": true,
                "SlotSize": 64
            },
            "UngroupedLayoutOptions": {
                "Columns": 12,
                "LineBreakIndices": [],
                "LineBreakHeights": [],
                "SlotSize": 64
            }
        },
        "Giant": {
            "GroupByQuality": true,
            "InventoryColumns": 12,
            "InventorySlotSize": 64,
            "GroupedLayoutOptions": {
                "GroupsPerRow": 5,
                "ShowValueColumn": true,
                "SlotSize": 64
            },
            "UngroupedLayoutOptions": {
                "Columns": 12,
                "LineBreakIndices": [],
                "LineBreakHeights": [],
                "SlotSize": 64
            }
        },
        "Massive": {
            "GroupByQuality": true,
            "InventoryColumns": 12,
            "InventorySlotSize": 64,
            "GroupedLayoutOptions": {
                "GroupsPerRow": 5,
                "ShowValueColumn": true,
                "SlotSize": 64
            },
            "UngroupedLayoutOptions": {
                "Columns": 12,
                "LineBreakIndices": [],
                "LineBreakHeights": [],
                "SlotSize": 64
            }
        }
    },
    "Items": [
        {
            "Name": null,
            "IsBigCraftable": false,
            "HasQualities": true,
            "RequiredSize": "Small",
            "ObjectId": "Raffadax.RCP_TulikkoFur"
        },
        {
            "Name": null,
            "IsBigCraftable": false,
            "HasQualities": true,
            "RequiredSize": "Small",
            "ObjectId": "Raffadax.RCP_SilverAntler"
        },
        {
            "Name": null,
            "IsBigCraftable": false,
            "HasQualities": true,
            "RequiredSize": "Small",
            "ObjectId": "Raffadax.RCP_ThunderbirdFeather"
        },
        {
            "Name": null,
            "IsBigCraftable": false,
            "HasQualities": true,
            "RequiredSize": "Small",
            "ObjectId": "Raffadax.RCP_Alicorn"
        },
        {
            "Name": null,
            "IsBigCraftable": false,
            "HasQualities": true,
            "RequiredSize": "Small",
            "ObjectId": "Raffadax.RCP_KrakenHook"
        },
        {
            "Name": null,
            "IsBigCraftable": false,
            "HasQualities": true,
            "RequiredSize": "Small",
            "ObjectId": "Raffadax.RCP_GoldenAntler"
        },
        {
            "Name": null,
            "IsBigCraftable": false,
            "HasQualities": true,
            "RequiredSize": "Small",
            "ObjectId": "Raffadax.RCP_SilverFeather"
        },
        {
            "Name": null,
            "IsBigCraftable": false,
            "HasQualities": true,
            "RequiredSize": "Small",
            "ObjectId": "Raffadax.RCP_GlassPumpkin"
        },
        {
            "Name": null,
            "IsBigCraftable": false,
            "HasQualities": true,
            "RequiredSize": "Small",
            "ObjectId": "Raffadax.RCP_SilverLeaf"
        },
        {
            "Name": null,
            "IsBigCraftable": false,
            "HasQualities": true,
            "RequiredSize": "Small",
            "ObjectId": "Raffadax.RCP_GarudaFeather"
        },
        {
            "Name": null,
            "IsBigCraftable": false,
            "HasQualities": true,
            "RequiredSize": "Small",
            "ObjectId": "Raffadax.RCP_AlkonostFeather"
        },
        {
            "Name": null,
            "IsBigCraftable": false,
            "HasQualities": true,
            "RequiredSize": "Small",
            "ObjectId": "Raffadax.RCP_LeviathanScale"
        },
        {
            "Name": null,
            "IsBigCraftable": false,
            "HasQualities": true,
            "RequiredSize": "Small",
            "ObjectId": "Raffadax.RCP_WerewolfClaw"
        },
        {
            "Name": null,
            "IsBigCraftable": false,
            "HasQualities": true,
            "RequiredSize": "Small",
            "ObjectId": "Raffadax.RCP_RocFeather"
        },
        {
            "Name": null,
            "IsBigCraftable": false,
            "HasQualities": true,
            "RequiredSize": "Small",
            "ObjectId": "Raffadax.RCP_WendigoAntler"
        },
        {
            "Name": null,
            "IsBigCraftable": false,
            "HasQualities": true,
            "RequiredSize": "Small",
            "ObjectId": "Raffadax.RCP_GoldenFeather"
        },
        {
            "Name": null,
            "IsBigCraftable": false,
            "HasQualities": true,
            "RequiredSize": "Small",
            "ObjectId": "Raffadax.RCP_MythrilFeather"
        },
        {
            "Name": null,
            "IsBigCraftable": false,
            "HasQualities": true,
            "RequiredSize": "Small",
            "ObjectId": "Raffadax.RCP_Mandrake"
        },
        {
            "Name": null,
            "IsBigCraftable": false,
            "HasQualities": true,
            "RequiredSize": "Small",
            "ObjectId": "Raffadax.RCP_ResplendentFeather"
        },
        {
            "Name": null,
            "IsBigCraftable": false,
            "HasQualities": true,
            "RequiredSize": "Small",
            "ObjectId": "Raffadax.RCP_PhoenixFeather"
        },
        {
            "Name": null,
            "IsBigCraftable": false,
            "HasQualities": true,
            "RequiredSize": "Small",
            "ObjectId": "Raffadax.RCP_CassavaRoot"
        },
        {
            "Name": null,
            "IsBigCraftable": false,
            "HasQualities": true,
            "RequiredSize": "Small",
            "ObjectId": "Raffadax.RCP_JackalopeAntlers"
        },
        {
            "Name": null,
            "IsBigCraftable": false,
            "HasQualities": true,
            "RequiredSize": "Small",
            "ObjectId": "Raffadax.RCP_RadioactiveFeather"
        },
        {
            "Name": null,
            "IsBigCraftable": false,
            "HasQualities": true,
            "RequiredSize": "Small",
            "ObjectId": "Raffadax.RCP_SeraphFeather"
        },
        {
            "Name": null,
            "IsBigCraftable": false,
            "HasQualities": true,
            "RequiredSize": "Small",
            "ObjectId": "Raffadax.RCP_Turmeric"
        },
        {
            "Name": null,
            "IsBigCraftable": false,
            "HasQualities": true,
            "RequiredSize": "Small",
            "ObjectId": "Raffadax.RCP_IridiumFeather"
        },
        {
            "Name": null,
            "IsBigCraftable": false,
            "HasQualities": true,
            "RequiredSize": "Small",
            "ObjectId": "Raffadax.RCP_GoldenLeaf"
        },
        {
            "Name": null,
            "IsBigCraftable": false,
            "HasQualities": true,
            "RequiredSize": "Small",
            "ObjectId": "Raffadax.RCP_HellhoundFang"
        },
        {
            "Name": null,
            "IsBigCraftable": false,
            "HasQualities": true,
            "RequiredSize": "Small",
            "ObjectId": "Raffadax.RCP_NagualWhiskers"
        }
    ]
}