{
    "IsEnabled": true,
    "ModUniqueId": "Raffadax.RCP",
    "BagId": "Raffadax.Tea.Keg",
    "BagName": "Raffadax Tea Keg Products",
    "BagDescription": "A bag for storing Raffadax Tea Keg Products.",
    "IconTexture": "SpringObjects",
    "IconPosition": "{X:0 Y:0 Width:0 Height:0}",
    "Prices": {
        "Small": 2620,
        "Medium": 7860,
        "Large": 26200,
        "Giant": 78600,
        "Massive": 262000
    },
    "Capacities": {
        "Small": 30,
        "Medium": 99,
        "Large": 300,
        "Giant": 999,
        "Massive": 9999
    },
    "SizeSellers": {
        "Small": [
            "Pierre"
        ],
        "Medium": [
            "Pierre"
        ],
        "Large": [
            "Pierre"
        ],
        "Giant": [
            "Pierre"
        ],
        "Massive": [
            "Pierre"
        ]
    },
    "SizeMenuOptions": {
        "Small": {
            "GroupByQuality": true,
            "InventoryColumns": 12,
            "InventorySlotSize": 64,
            "GroupedLayoutOptions": {
                "GroupsPerRow": 5,
                "ShowValueColumn": true,
                "SlotSize": 64
            },
            "UngroupedLayoutOptions": {
                "Columns": 12,
                "LineBreakIndices": [],
                "LineBreakHeights": [],
                "SlotSize": 64
            }
        },
        "Medium": {
            "GroupByQuality": true,
            "InventoryColumns": 12,
            "InventorySlotSize": 64,
            "GroupedLayoutOptions": {
                "GroupsPerRow": 5,
                "ShowValueColumn": true,
                "SlotSize": 64
            },
            "UngroupedLayoutOptions": {
                "Columns": 12,
                "LineBreakIndices": [],
                "LineBreakHeights": [],
                "SlotSize": 64
            }
        },
        "Large": {
            "GroupByQuality": true,
            "InventoryColumns": 12,
            "InventorySlotSize": 64,
            "GroupedLayoutOptions": {
                "GroupsPerRow": 5,
                "ShowValueColumn": true,
                "SlotSize": 64
            },
            "UngroupedLayoutOptions": {
                "Columns": 12,
                "LineBreakIndices": [],
                "LineBreakHeights": [],
                "SlotSize": 64
            }
        },
        "Giant": {
            "GroupByQuality": true,
            "InventoryColumns": 12,
            "InventorySlotSize": 64,
            "GroupedLayoutOptions": {
                "GroupsPerRow": 5,
                "ShowValueColumn": true,
                "SlotSize": 64
            },
            "UngroupedLayoutOptions": {
                "Columns": 12,
                "LineBreakIndices": [],
                "LineBreakHeights": [],
                "SlotSize": 64
            }
        },
        "Massive": {
            "GroupByQuality": true,
            "InventoryColumns": 12,
            "InventorySlotSize": 64,
            "GroupedLayoutOptions": {
                "GroupsPerRow": 5,
                "ShowValueColumn": true,
                "SlotSize": 64
            },
            "UngroupedLayoutOptions": {
                "Columns": 12,
                "LineBreakIndices": [],
                "LineBreakHeights": [],
                "SlotSize": 64
            }
        }
    },
    "Items": [
        {
            "Name": null,
            "IsBigCraftable": false,
            "HasQualities": false,
            "RequiredSize": "Small",
            "ObjectId": "Raffadax.RCP_AcornTea"
        },
        {
            "Name": null,
            "IsBigCraftable": false,
            "HasQualities": false,
            "RequiredSize": "Small",
            "ObjectId": "Raffadax.RCP_AgaveTea"
        },
        {
            "Name": null,
            "IsBigCraftable": false,
            "HasQualities": false,
            "RequiredSize": "Small",
            "ObjectId": "Raffadax.RCP_Aguapanela"
        },
        {
            "Name": null,
            "IsBigCraftable": false,
            "HasQualities": false,
            "RequiredSize": "Small",
            "ObjectId": "Raffadax.RCP_AlliumTea"
        },
        {
            "Name": null,
            "IsBigCraftable": false,
            "HasQualities": false,
            "RequiredSize": "Small",
            "ObjectId": "Raffadax.RCP_AllspiceTea"
        },
        {
            "Name": null,
            "IsBigCraftable": false,
            "HasQualities": false,
            "RequiredSize": "Small",
            "ObjectId": "Raffadax.RCP_AlmondTea"
        },
        {
            "Name": null,
            "IsBigCraftable": false,
            "HasQualities": false,
            "RequiredSize": "Small",
            "ObjectId": "Raffadax.RCP_AloeTea"
        },
        {
            "Name": null,
            "IsBigCraftable": false,
            "HasQualities": false,
            "RequiredSize": "Small",
            "ObjectId": "Raffadax.RCP_AnemushroomTea"
        },
        {
            "Name": null,
            "IsBigCraftable": false,
            "HasQualities": false,
            "RequiredSize": "Small",
            "ObjectId": "Raffadax.RCP_AngosturaTea"
        },
        {
            "Name": null,
            "IsBigCraftable": false,
            "HasQualities": false,
            "RequiredSize": "Small",
            "ObjectId": "Raffadax.RCP_AnnattoTea"
        },
        {
            "Name": null,
            "IsBigCraftable": false,
            "HasQualities": false,
            "RequiredSize": "Small",
            "ObjectId": "Raffadax.RCP_ArtemisiaTea"
        },
        {
            "Name": null,
            "IsBigCraftable": false,
            "HasQualities": false,
            "RequiredSize": "Small",
            "ObjectId": "Raffadax.RCP_AstralTea"
        },
        {
            "Name": null,
            "IsBigCraftable": false,
            "HasQualities": false,
            "RequiredSize": "Small",
            "ObjectId": "Raffadax.RCP_AuroraTea"
        },
        {
            "Name": null,
            "IsBigCraftable": false,
            "HasQualities": false,
            "RequiredSize": "Small",
            "ObjectId": "Raffadax.RCP_AvalonTea"
        },
        {
            "Name": null,
            "IsBigCraftable": false,
            "HasQualities": false,
            "RequiredSize": "Small",
            "ObjectId": "Raffadax.RCP_Ayahuasca"
        },
        {
            "Name": null,
            "IsBigCraftable": false,
            "HasQualities": false,
            "RequiredSize": "Small",
            "ObjectId": "Raffadax.RCP_BambooTea"
        },
        {
            "Name": null,
            "IsBigCraftable": false,
            "HasQualities": false,
            "RequiredSize": "Small",
            "ObjectId": "Raffadax.RCP_BaobabTea"
        },
        {
            "Name": null,
            "IsBigCraftable": false,
            "HasQualities": false,
            "RequiredSize": "Small",
            "ObjectId": "Raffadax.RCP_BarleyTea"
        },
        {
            "Name": null,
            "IsBigCraftable": false,
            "HasQualities": false,
            "RequiredSize": "Small",
            "ObjectId": "Raffadax.RCP_BasilTea"
        },
        {
            "Name": null,
            "IsBigCraftable": false,
            "HasQualities": false,
            "RequiredSize": "Small",
            "ObjectId": "Raffadax.RCP_BayLeafTea"
        },
        {
            "Name": null,
            "IsBigCraftable": false,
            "HasQualities": false,
            "RequiredSize": "Small",
            "ObjectId": "Raffadax.RCP_BifrostTea"
        },
        {
            "Name": null,
            "IsBigCraftable": false,
            "HasQualities": false,
            "RequiredSize": "Small",
            "ObjectId": "Raffadax.RCP_BirchBarkTea"
        },
        {
            "Name": null,
            "IsBigCraftable": false,
            "HasQualities": false,
            "RequiredSize": "Small",
            "ObjectId": "Raffadax.RCP_BissyTea"
        },
        {
            "Name": null,
            "IsBigCraftable": false,
            "HasQualities": false,
            "RequiredSize": "Small",
            "ObjectId": "Raffadax.RCP_BlackSesameTea"
        },
        {
            "Name": null,
            "IsBigCraftable": false,
            "HasQualities": false,
            "RequiredSize": "Small",
            "ObjectId": "Raffadax.RCP_BlackTea"
        },
        {
            "Name": null,
            "IsBigCraftable": false,
            "HasQualities": false,
            "RequiredSize": "Small",
            "ObjectId": "Raffadax.RCP_BlackWalnutTea"
        },
        {
            "Name": null,
            "IsBigCraftable": false,
            "HasQualities": false,
            "RequiredSize": "Small",
            "ObjectId": "Raffadax.RCP_BlueJazzTea"
        },
        {
            "Name": null,
            "IsBigCraftable": false,
            "HasQualities": false,
            "RequiredSize": "Small",
            "ObjectId": "Raffadax.RCP_BlueLotusTea"
        },
        {
            "Name": null,
            "IsBigCraftable": false,
            "HasQualities": false,
            "RequiredSize": "Small",
            "ObjectId": "Raffadax.RCP_BobaTea"
        },
        {
            "Name": null,
            "IsBigCraftable": false,
            "HasQualities": false,
            "RequiredSize": "Small",
            "ObjectId": "Raffadax.RCP_BongsutangTea"
        },
        {
            "Name": null,
            "IsBigCraftable": false,
            "HasQualities": false,
            "RequiredSize": "Small",
            "ObjectId": "Raffadax.RCP_BrassicaFlowerTea"
        },
        {
            "Name": null,
            "IsBigCraftable": false,
            "HasQualities": false,
            "RequiredSize": "Small",
            "ObjectId": "Raffadax.RCP_BrazilNutTea"
        },
        {
            "Name": null,
            "IsBigCraftable": false,
            "HasQualities": false,
            "RequiredSize": "Small",
            "ObjectId": "Raffadax.RCP_CactusBlossomTea"
        },
        {
            "Name": null,
            "IsBigCraftable": false,
            "HasQualities": false,
            "RequiredSize": "Small",
            "ObjectId": "Raffadax.RCP_CactusTea"
        },
        {
            "Name": null,
            "IsBigCraftable": false,
            "HasQualities": false,
            "RequiredSize": "Small",
            "ObjectId": "Raffadax.RCP_CactushroomTea"
        },
        {
            "Name": null,
            "IsBigCraftable": false,
            "HasQualities": false,
            "RequiredSize": "Small",
            "ObjectId": "Raffadax.RCP_CafeCaramel"
        },
        {
            "Name": null,
            "IsBigCraftable": false,
            "HasQualities": false,
            "RequiredSize": "Small",
            "ObjectId": "Raffadax.RCP_CalamiTea"
        },
        {
            "Name": null,
            "IsBigCraftable": false,
            "HasQualities": false,
            "RequiredSize": "Small",
            "ObjectId": "Raffadax.RCP_CaltropTea"
        },
        {
            "Name": null,
            "IsBigCraftable": false,
            "HasQualities": false,
            "RequiredSize": "Small",
            "ObjectId": "Raffadax.RCP_CannabisTea"
        },
        {
            "Name": null,
            "IsBigCraftable": false,
            "HasQualities": false,
            "RequiredSize": "Small",
            "ObjectId": "Raffadax.RCP_CarawayFlowerTea"
        },
        {
            "Name": null,
            "IsBigCraftable": false,
            "HasQualities": false,
            "RequiredSize": "Small",
            "ObjectId": "Raffadax.RCP_CarawayTea"
        },
        {
            "Name": null,
            "IsBigCraftable": false,
            "HasQualities": false,
            "RequiredSize": "Small",
            "ObjectId": "Raffadax.RCP_CashewTea"
        },
        {
            "Name": null,
            "IsBigCraftable": false,
            "HasQualities": false,
            "RequiredSize": "Small",
            "ObjectId": "Raffadax.RCP_CelerySeedTea"
        },
        {
            "Name": null,
            "IsBigCraftable": false,
            "HasQualities": false,
            "RequiredSize": "Small",
            "ObjectId": "Raffadax.RCP_CelticBreakfastTea"
        },
        {
            "Name": null,
            "IsBigCraftable": false,
            "HasQualities": false,
            "RequiredSize": "Small",
            "ObjectId": "Raffadax.RCP_ChaiTea"
        },
        {
            "Name": null,
            "IsBigCraftable": false,
            "HasQualities": false,
            "RequiredSize": "Small",
            "ObjectId": "Raffadax.RCP_ChamomileTea"
        },
        {
            "Name": null,
            "IsBigCraftable": false,
            "HasQualities": false,
            "RequiredSize": "Small",
            "ObjectId": "Raffadax.RCP_ChandanTea"
        },
        {
            "Name": null,
            "IsBigCraftable": false,
            "HasQualities": false,
            "RequiredSize": "Small",
            "ObjectId": "Raffadax.RCP_ChervilTea"
        },
        {
            "Name": null,
            "IsBigCraftable": false,
            "HasQualities": false,
            "RequiredSize": "Small",
            "ObjectId": "Raffadax.RCP_ChestnutTea"
        },
        {
            "Name": null,
            "IsBigCraftable": false,
            "HasQualities": false,
            "RequiredSize": "Small",
            "ObjectId": "Raffadax.RCP_ChicoryCoffee"
        },
        {
            "Name": null,
            "IsBigCraftable": false,
            "HasQualities": false,
            "RequiredSize": "Small",
            "ObjectId": "Raffadax.RCP_ChicoryFlowerTea"
        },
        {
            "Name": null,
            "IsBigCraftable": false,
            "HasQualities": false,
            "RequiredSize": "Small",
            "ObjectId": "Raffadax.RCP_ChicoryRootTea"
        },
        {
            "Name": null,
            "IsBigCraftable": false,
            "HasQualities": false,
            "RequiredSize": "Small",
            "ObjectId": "Raffadax.RCP_CilantroTea"
        },
        {
            "Name": null,
            "IsBigCraftable": false,
            "HasQualities": false,
            "RequiredSize": "Small",
            "ObjectId": "Raffadax.RCP_CinchonaTea"
        },
        {
            "Name": null,
            "IsBigCraftable": false,
            "HasQualities": false,
            "RequiredSize": "Small",
            "ObjectId": "Raffadax.RCP_CinnabarTea"
        },
        {
            "Name": null,
            "IsBigCraftable": false,
            "HasQualities": false,
            "RequiredSize": "Small",
            "ObjectId": "Raffadax.RCP_CinnamonTea"
        },
        {
            "Name": null,
            "IsBigCraftable": false,
            "HasQualities": false,
            "RequiredSize": "Small",
            "ObjectId": "Raffadax.RCP_CintamaniTea"
        },
        {
            "Name": null,
            "IsBigCraftable": false,
            "HasQualities": false,
            "RequiredSize": "Small",
            "ObjectId": "Raffadax.RCP_ClematisTea"
        },
        {
            "Name": null,
            "IsBigCraftable": false,
            "HasQualities": false,
            "RequiredSize": "Small",
            "ObjectId": "Raffadax.RCP_CloveTea"
        },
        {
            "Name": null,
            "IsBigCraftable": false,
            "HasQualities": false,
            "RequiredSize": "Small",
            "ObjectId": "Raffadax.RCP_CloverTea"
        },
        {
            "Name": null,
            "IsBigCraftable": false,
            "HasQualities": false,
            "RequiredSize": "Small",
            "ObjectId": "Raffadax.RCP_CocodeMerTea"
        },
        {
            "Name": null,
            "IsBigCraftable": false,
            "HasQualities": false,
            "RequiredSize": "Small",
            "ObjectId": "Raffadax.RCP_CoeurdelaMerTea"
        },
        {
            "Name": null,
            "IsBigCraftable": false,
            "HasQualities": false,
            "RequiredSize": "Small",
            "ObjectId": "Raffadax.RCP_ColdBrewCoffee"
        },
        {
            "Name": null,
            "IsBigCraftable": false,
            "HasQualities": false,
            "RequiredSize": "Small",
            "ObjectId": "Raffadax.RCP_CorianderFlowerTea"
        },
        {
            "Name": null,
            "IsBigCraftable": false,
            "HasQualities": false,
            "RequiredSize": "Small",
            "ObjectId": "Raffadax.RCP_CorianderTea"
        },
        {
            "Name": null,
            "IsBigCraftable": false,
            "HasQualities": false,
            "RequiredSize": "Small",
            "ObjectId": "Raffadax.RCP_CrocusTea"
        },
        {
            "Name": null,
            "IsBigCraftable": false,
            "HasQualities": false,
            "RequiredSize": "Small",
            "ObjectId": "Raffadax.RCP_CuminTea"
        },
        {
            "Name": null,
            "IsBigCraftable": false,
            "HasQualities": false,
            "RequiredSize": "Small",
            "ObjectId": "Raffadax.RCP_CurryLeafTea"
        },
        {
            "Name": null,
            "IsBigCraftable": false,
            "HasQualities": false,
            "RequiredSize": "Small",
            "ObjectId": "Raffadax.RCP_DaffodilTea"
        },
        {
            "Name": null,
            "IsBigCraftable": false,
            "HasQualities": false,
            "RequiredSize": "Small",
            "ObjectId": "Raffadax.RCP_DaisyTea"
        },
        {
            "Name": null,
            "IsBigCraftable": false,
            "HasQualities": false,
            "RequiredSize": "Small",
            "ObjectId": "Raffadax.RCP_DandelionCoffee"
        },
        {
            "Name": null,
            "IsBigCraftable": false,
            "HasQualities": false,
            "RequiredSize": "Small",
            "ObjectId": "Raffadax.RCP_DandelionTea"
        },
        {
            "Name": null,
            "IsBigCraftable": false,
            "HasQualities": false,
            "RequiredSize": "Small",
            "ObjectId": "Raffadax.RCP_DarkChocolateMocha"
        },
        {
            "Name": null,
            "IsBigCraftable": false,
            "HasQualities": false,
            "RequiredSize": "Small",
            "ObjectId": "Raffadax.RCP_DarkCocoa"
        },
        {
            "Name": null,
            "IsBigCraftable": false,
            "HasQualities": false,
            "RequiredSize": "Small",
            "ObjectId": "Raffadax.RCP_DarkRoastCoffee"
        },
        {
            "Name": null,
            "IsBigCraftable": false,
            "HasQualities": false,
            "RequiredSize": "Small",
            "ObjectId": "Raffadax.RCP_DillSeedTea"
        },
        {
            "Name": null,
            "IsBigCraftable": false,
            "HasQualities": false,
            "RequiredSize": "Small",
            "ObjectId": "Raffadax.RCP_DillTea"
        },
        {
            "Name": null,
            "IsBigCraftable": false,
            "HasQualities": false,
            "RequiredSize": "Small",
            "ObjectId": "Raffadax.RCP_DogwoodTea"
        },
        {
            "Name": null,
            "IsBigCraftable": false,
            "HasQualities": false,
            "RequiredSize": "Small",
            "ObjectId": "Raffadax.RCP_EarlGreyTea"
        },
        {
            "Name": null,
            "IsBigCraftable": false,
            "HasQualities": false,
            "RequiredSize": "Small",
            "ObjectId": "Raffadax.RCP_EbonyTea"
        },
        {
            "Name": null,
            "IsBigCraftable": false,
            "HasQualities": false,
            "RequiredSize": "Small",
            "ObjectId": "Raffadax.RCP_ElderflowerTea"
        },
        {
            "Name": null,
            "IsBigCraftable": false,
            "HasQualities": false,
            "RequiredSize": "Small",
            "ObjectId": "Raffadax.RCP_ErgotTea"
        },
        {
            "Name": null,
            "IsBigCraftable": false,
            "HasQualities": false,
            "RequiredSize": "Small",
            "ObjectId": "Raffadax.RCP_EucalyptusTea"
        },
        {
            "Name": null,
            "IsBigCraftable": false,
            "HasQualities": false,
            "RequiredSize": "Small",
            "ObjectId": "Raffadax.RCP_FairyRoseTea"
        },
        {
            "Name": null,
            "IsBigCraftable": false,
            "HasQualities": false,
            "RequiredSize": "Small",
            "ObjectId": "Raffadax.RCP_FeliciTea"
        },
        {
            "Name": null,
            "IsBigCraftable": false,
            "HasQualities": false,
            "RequiredSize": "Small",
            "ObjectId": "Raffadax.RCP_FennelFlowerTea"
        },
        {
            "Name": null,
            "IsBigCraftable": false,
            "HasQualities": false,
            "RequiredSize": "Small",
            "ObjectId": "Raffadax.RCP_FennelSeedTea"
        },
        {
            "Name": null,
            "IsBigCraftable": false,
            "HasQualities": false,
            "RequiredSize": "Small",
            "ObjectId": "Raffadax.RCP_FenugreekSeedTea"
        },
        {
            "Name": null,
            "IsBigCraftable": false,
            "HasQualities": false,
            "RequiredSize": "Small",
            "ObjectId": "Raffadax.RCP_FenugreekTea"
        },
        {
            "Name": null,
            "IsBigCraftable": false,
            "HasQualities": false,
            "RequiredSize": "Small",
            "ObjectId": "Raffadax.RCP_FernFlowerTea"
        },
        {
            "Name": null,
            "IsBigCraftable": false,
            "HasQualities": false,
            "RequiredSize": "Small",
            "ObjectId": "Raffadax.RCP_FernTea"
        },
        {
            "Name": null,
            "IsBigCraftable": false,
            "HasQualities": false,
            "RequiredSize": "Small",
            "ObjectId": "Raffadax.RCP_FireWheelTea"
        },
        {
            "Name": null,
            "IsBigCraftable": false,
            "HasQualities": false,
            "RequiredSize": "Small",
            "ObjectId": "Raffadax.RCP_FlindersTea"
        },
        {
            "Name": null,
            "IsBigCraftable": false,
            "HasQualities": false,
            "RequiredSize": "Small",
            "ObjectId": "Raffadax.RCP_ForestRoseTea"
        },
        {
            "Name": null,
            "IsBigCraftable": false,
            "HasQualities": false,
            "RequiredSize": "Small",
            "ObjectId": "Raffadax.RCP_ForsythiaTea"
        },
        {
            "Name": null,
            "IsBigCraftable": false,
            "HasQualities": false,
            "RequiredSize": "Small",
            "ObjectId": "Raffadax.RCP_FoxgloveTea"
        },
        {
            "Name": null,
            "IsBigCraftable": false,
            "HasQualities": false,
            "RequiredSize": "Small",
            "ObjectId": "Raffadax.RCP_FrenzyTea"
        },
        {
            "Name": null,
            "IsBigCraftable": false,
            "HasQualities": false,
            "RequiredSize": "Small",
            "ObjectId": "Raffadax.RCP_FrostCapTea"
        },
        {
            "Name": null,
            "IsBigCraftable": false,
            "HasQualities": false,
            "RequiredSize": "Small",
            "ObjectId": "Raffadax.RCP_FrozenTea"
        },
        {
            "Name": null,
            "IsBigCraftable": false,
            "HasQualities": false,
            "RequiredSize": "Small",
            "ObjectId": "Raffadax.RCP_GemCapTea"
        },
        {
            "Name": null,
            "IsBigCraftable": false,
            "HasQualities": false,
            "RequiredSize": "Small",
            "ObjectId": "Raffadax.RCP_GenmaichaTea"
        },
        {
            "Name": null,
            "IsBigCraftable": false,
            "HasQualities": false,
            "RequiredSize": "Small",
            "ObjectId": "Raffadax.RCP_GentianFlowerTea"
        },
        {
            "Name": null,
            "IsBigCraftable": false,
            "HasQualities": false,
            "RequiredSize": "Small",
            "ObjectId": "Raffadax.RCP_GentianTea"
        },
        {
            "Name": null,
            "IsBigCraftable": false,
            "HasQualities": false,
            "RequiredSize": "Small",
            "ObjectId": "Raffadax.RCP_GildedTea"
        },
        {
            "Name": null,
            "IsBigCraftable": false,
            "HasQualities": false,
            "RequiredSize": "Small",
            "ObjectId": "Raffadax.RCP_GingerTea"
        },
        {
            "Name": null,
            "IsBigCraftable": false,
            "HasQualities": false,
            "RequiredSize": "Small",
            "ObjectId": "Raffadax.RCP_GinkgoTea"
        },
        {
            "Name": null,
            "IsBigCraftable": false,
            "HasQualities": false,
            "RequiredSize": "Small",
            "ObjectId": "Raffadax.RCP_GrapeLeafTea"
        },
        {
            "Name": null,
            "IsBigCraftable": false,
            "HasQualities": false,
            "RequiredSize": "Small",
            "ObjectId": "Raffadax.RCP_GreenCardamomTea"
        },
        {
            "Name": null,
            "IsBigCraftable": false,
            "HasQualities": false,
            "RequiredSize": "Small",
            "ObjectId": "Raffadax.RCP_GuaranaTea"
        },
        {
            "Name": null,
            "IsBigCraftable": false,
            "HasQualities": false,
            "RequiredSize": "Small",
            "ObjectId": "Raffadax.RCP_GultheriaTea"
        },
        {
            "Name": null,
            "IsBigCraftable": false,
            "HasQualities": false,
            "RequiredSize": "Small",
            "ObjectId": "Raffadax.RCP_GyokuroTea"
        },
        {
            "Name": null,
            "IsBigCraftable": false,
            "HasQualities": false,
            "RequiredSize": "Small",
            "ObjectId": "Raffadax.RCP_HawkweedTea"
        },
        {
            "Name": null,
            "IsBigCraftable": false,
            "HasQualities": false,
            "RequiredSize": "Small",
            "ObjectId": "Raffadax.RCP_HazelnutTea"
        },
        {
            "Name": null,
            "IsBigCraftable": false,
            "HasQualities": false,
            "RequiredSize": "Small",
            "ObjectId": "Raffadax.RCP_HeliconiaTea"
        },
        {
            "Name": null,
            "IsBigCraftable": false,
            "HasQualities": false,
            "RequiredSize": "Small",
            "ObjectId": "Raffadax.RCP_HibiscusTea"
        },
        {
            "Name": null,
            "IsBigCraftable": false,
            "HasQualities": false,
            "RequiredSize": "Small",
            "ObjectId": "Raffadax.RCP_HojichaTea"
        },
        {
            "Name": null,
            "IsBigCraftable": false,
            "HasQualities": false,
            "RequiredSize": "Small",
            "ObjectId": "Raffadax.RCP_HoneysuckleTea"
        },
        {
            "Name": null,
            "IsBigCraftable": false,
            "HasQualities": false,
            "RequiredSize": "Small",
            "ObjectId": "Raffadax.RCP_HostiliTea"
        },
        {
            "Name": null,
            "IsBigCraftable": false,
            "HasQualities": false,
            "RequiredSize": "Small",
            "ObjectId": "Raffadax.RCP_HotButterscotch"
        },
        {
            "Name": null,
            "IsBigCraftable": false,
            "HasQualities": false,
            "RequiredSize": "Small",
            "ObjectId": "Raffadax.RCP_HotCocoa"
        },
        {
            "Name": null,
            "IsBigCraftable": false,
            "HasQualities": false,
            "RequiredSize": "Small",
            "ObjectId": "Raffadax.RCP_HotVanilla"
        },
        {
            "Name": null,
            "IsBigCraftable": false,
            "HasQualities": false,
            "RequiredSize": "Small",
            "ObjectId": "Raffadax.RCP_IceTea"
        },
        {
            "Name": null,
            "IsBigCraftable": false,
            "HasQualities": false,
            "RequiredSize": "Small",
            "ObjectId": "Raffadax.RCP_IndigoTea"
        },
        {
            "Name": null,
            "IsBigCraftable": false,
            "HasQualities": false,
            "RequiredSize": "Small",
            "ObjectId": "Raffadax.RCP_JacarandaTea"
        },
        {
            "Name": null,
            "IsBigCraftable": false,
            "HasQualities": false,
            "RequiredSize": "Small",
            "ObjectId": "Raffadax.RCP_JasmineTea"
        },
        {
            "Name": null,
            "IsBigCraftable": false,
            "HasQualities": false,
            "RequiredSize": "Small",
            "ObjectId": "Raffadax.RCP_JungleElixir"
        },
        {
            "Name": null,
            "IsBigCraftable": false,
            "HasQualities": false,
            "RequiredSize": "Small",
            "ObjectId": "Raffadax.RCP_JunglePotion"
        },
        {
            "Name": null,
            "IsBigCraftable": false,
            "HasQualities": false,
            "RequiredSize": "Small",
            "ObjectId": "Raffadax.RCP_JuniperTea"
        },
        {
            "Name": null,
            "IsBigCraftable": false,
            "HasQualities": false,
            "RequiredSize": "Small",
            "ObjectId": "Raffadax.RCP_KombuTea"
        },
        {
            "Name": null,
            "IsBigCraftable": false,
            "HasQualities": false,
            "RequiredSize": "Small",
            "ObjectId": "Raffadax.RCP_KukichaTea"
        },
        {
            "Name": null,
            "IsBigCraftable": false,
            "HasQualities": false,
            "RequiredSize": "Small",
            "ObjectId": "Raffadax.RCP_LavenderTea"
        },
        {
            "Name": null,
            "IsBigCraftable": false,
            "HasQualities": false,
            "RequiredSize": "Small",
            "ObjectId": "Raffadax.RCP_LemongrassTea"
        },
        {
            "Name": null,
            "IsBigCraftable": false,
            "HasQualities": false,
            "RequiredSize": "Small",
            "ObjectId": "Raffadax.RCP_LightRoastCoffee"
        },
        {
            "Name": null,
            "IsBigCraftable": false,
            "HasQualities": false,
            "RequiredSize": "Small",
            "ObjectId": "Raffadax.RCP_LilacTea"
        },
        {
            "Name": null,
            "IsBigCraftable": false,
            "HasQualities": false,
            "RequiredSize": "Small",
            "ObjectId": "Raffadax.RCP_LindenTea"
        },
        {
            "Name": null,
            "IsBigCraftable": false,
            "HasQualities": false,
            "RequiredSize": "Small",
            "ObjectId": "Raffadax.RCP_LiverwortTea"
        },
        {
            "Name": null,
            "IsBigCraftable": false,
            "HasQualities": false,
            "RequiredSize": "Small",
            "ObjectId": "Raffadax.RCP_LondonFog"
        },
        {
            "Name": null,
            "IsBigCraftable": false,
            "HasQualities": false,
            "RequiredSize": "Small",
            "ObjectId": "Raffadax.RCP_LotusRootTea"
        },
        {
            "Name": null,
            "IsBigCraftable": false,
            "HasQualities": false,
            "RequiredSize": "Small",
            "ObjectId": "Raffadax.RCP_LuminushroomTea"
        },
        {
            "Name": null,
            "IsBigCraftable": false,
            "HasQualities": false,
            "RequiredSize": "Small",
            "ObjectId": "Raffadax.RCP_MacadamiaTea"
        },
        {
            "Name": null,
            "IsBigCraftable": false,
            "HasQualities": false,
            "RequiredSize": "Small",
            "ObjectId": "Raffadax.RCP_MaceTea"
        },
        {
            "Name": null,
            "IsBigCraftable": false,
            "HasQualities": false,
            "RequiredSize": "Small",
            "ObjectId": "Raffadax.RCP_MaelstromTea"
        },
        {
            "Name": null,
            "IsBigCraftable": false,
            "HasQualities": false,
            "RequiredSize": "Small",
            "ObjectId": "Raffadax.RCP_MagmaCapTea"
        },
        {
            "Name": null,
            "IsBigCraftable": false,
            "HasQualities": false,
            "RequiredSize": "Small",
            "ObjectId": "Raffadax.RCP_MahoganySeedTea"
        },
        {
            "Name": null,
            "IsBigCraftable": false,
            "HasQualities": false,
            "RequiredSize": "Small",
            "ObjectId": "Raffadax.RCP_MandragoraTea"
        },
        {
            "Name": null,
            "IsBigCraftable": false,
            "HasQualities": false,
            "RequiredSize": "Small",
            "ObjectId": "Raffadax.RCP_MandrakeTea"
        },
        {
            "Name": null,
            "IsBigCraftable": false,
            "HasQualities": false,
            "RequiredSize": "Small",
            "ObjectId": "Raffadax.RCP_MarjoramTea"
        },
        {
            "Name": null,
            "IsBigCraftable": false,
            "HasQualities": false,
            "RequiredSize": "Small",
            "ObjectId": "Raffadax.RCP_MatchaTea"
        },
        {
            "Name": null,
            "IsBigCraftable": false,
            "HasQualities": false,
            "RequiredSize": "Small",
            "ObjectId": "Raffadax.RCP_MediumRoastCoffee"
        },
        {
            "Name": null,
            "IsBigCraftable": false,
            "HasQualities": false,
            "RequiredSize": "Small",
            "ObjectId": "Raffadax.RCP_MimosaFlowerTea"
        },
        {
            "Name": null,
            "IsBigCraftable": false,
            "HasQualities": false,
            "RequiredSize": "Small",
            "ObjectId": "Raffadax.RCP_MintCocoa"
        },
        {
            "Name": null,
            "IsBigCraftable": false,
            "HasQualities": false,
            "RequiredSize": "Small",
            "ObjectId": "Raffadax.RCP_MintFlowerTea"
        },
        {
            "Name": null,
            "IsBigCraftable": false,
            "HasQualities": false,
            "RequiredSize": "Small",
            "ObjectId": "Raffadax.RCP_MintMocha"
        },
        {
            "Name": null,
            "IsBigCraftable": false,
            "HasQualities": false,
            "RequiredSize": "Small",
            "ObjectId": "Raffadax.RCP_Mocha"
        },
        {
            "Name": null,
            "IsBigCraftable": false,
            "HasQualities": false,
            "RequiredSize": "Small",
            "ObjectId": "Raffadax.RCP_MoonlightTea"
        },
        {
            "Name": null,
            "IsBigCraftable": false,
            "HasQualities": false,
            "RequiredSize": "Small",
            "ObjectId": "Raffadax.RCP_MosshroomTea"
        },
        {
            "Name": null,
            "IsBigCraftable": false,
            "HasQualities": false,
            "RequiredSize": "Small",
            "ObjectId": "Raffadax.RCP_MugwortTea"
        },
        {
            "Name": null,
            "IsBigCraftable": false,
            "HasQualities": false,
            "RequiredSize": "Small",
            "ObjectId": "Raffadax.RCP_MustardSeedTea"
        },
        {
            "Name": null,
            "IsBigCraftable": false,
            "HasQualities": false,
            "RequiredSize": "Small",
            "ObjectId": "Raffadax.RCP_NettleBlossomTea"
        },
        {
            "Name": null,
            "IsBigCraftable": false,
            "HasQualities": false,
            "RequiredSize": "Small",
            "ObjectId": "Raffadax.RCP_NettleTea"
        },
        {
            "Name": null,
            "IsBigCraftable": false,
            "HasQualities": false,
            "RequiredSize": "Small",
            "ObjectId": "Raffadax.RCP_NigellaTea"
        },
        {
            "Name": null,
            "IsBigCraftable": false,
            "HasQualities": false,
            "RequiredSize": "Small",
            "ObjectId": "Raffadax.RCP_Nostrum"
        },
        {
            "Name": null,
            "IsBigCraftable": false,
            "HasQualities": false,
            "RequiredSize": "Small",
            "ObjectId": "Raffadax.RCP_NoxiousBrew"
        },
        {
            "Name": null,
            "IsBigCraftable": false,
            "HasQualities": false,
            "RequiredSize": "Small",
            "ObjectId": "Raffadax.RCP_NutmegTea"
        },
        {
            "Name": null,
            "IsBigCraftable": false,
            "HasQualities": false,
            "RequiredSize": "Small",
            "ObjectId": "Raffadax.RCP_OatStrawTea"
        },
        {
            "Name": null,
            "IsBigCraftable": false,
            "HasQualities": false,
            "RequiredSize": "Small",
            "ObjectId": "Raffadax.RCP_OolongTea"
        },
        {
            "Name": null,
            "IsBigCraftable": false,
            "HasQualities": false,
            "RequiredSize": "Small",
            "ObjectId": "Raffadax.RCP_OpuntiaTea"
        },
        {
            "Name": null,
            "IsBigCraftable": false,
            "HasQualities": false,
            "RequiredSize": "Small",
            "ObjectId": "Raffadax.RCP_OreganoTea"
        },
        {
            "Name": null,
            "IsBigCraftable": false,
            "HasQualities": false,
            "RequiredSize": "Small",
            "ObjectId": "Raffadax.RCP_OsmanthusTea"
        },
        {
            "Name": null,
            "IsBigCraftable": false,
            "HasQualities": false,
            "RequiredSize": "Small",
            "ObjectId": "Raffadax.RCP_Panacea"
        },
        {
            "Name": null,
            "IsBigCraftable": false,
            "HasQualities": false,
            "RequiredSize": "Small",
            "ObjectId": "Raffadax.RCP_ParsleyTea"
        },
        {
            "Name": null,
            "IsBigCraftable": false,
            "HasQualities": false,
            "RequiredSize": "Small",
            "ObjectId": "Raffadax.RCP_PassionFlowerTea"
        },
        {
            "Name": null,
            "IsBigCraftable": false,
            "HasQualities": false,
            "RequiredSize": "Small",
            "ObjectId": "Raffadax.RCP_PeanutTea"
        },
        {
            "Name": null,
            "IsBigCraftable": false,
            "HasQualities": false,
            "RequiredSize": "Small",
            "ObjectId": "Raffadax.RCP_PecanTea"
        },
        {
            "Name": null,
            "IsBigCraftable": false,
            "HasQualities": false,
            "RequiredSize": "Small",
            "ObjectId": "Raffadax.RCP_PeppercornTea"
        },
        {
            "Name": null,
            "IsBigCraftable": false,
            "HasQualities": false,
            "RequiredSize": "Small",
            "ObjectId": "Raffadax.RCP_PeppermintTea"
        },
        {
            "Name": null,
            "IsBigCraftable": false,
            "HasQualities": false,
            "RequiredSize": "Small",
            "ObjectId": "Raffadax.RCP_PeriwinkleTea"
        },
        {
            "Name": null,
            "IsBigCraftable": false,
            "HasQualities": false,
            "RequiredSize": "Small",
            "ObjectId": "Raffadax.RCP_PeyoteTea"
        },
        {
            "Name": null,
            "IsBigCraftable": false,
            "HasQualities": false,
            "RequiredSize": "Small",
            "ObjectId": "Raffadax.RCP_PistachioTea"
        },
        {
            "Name": null,
            "IsBigCraftable": false,
            "HasQualities": false,
            "RequiredSize": "Small",
            "ObjectId": "Raffadax.RCP_PoinsettiaTea"
        },
        {
            "Name": null,
            "IsBigCraftable": false,
            "HasQualities": false,
            "RequiredSize": "Small",
            "ObjectId": "Raffadax.RCP_PoppyFlowerTea"
        },
        {
            "Name": null,
            "IsBigCraftable": false,
            "HasQualities": false,
            "RequiredSize": "Small",
            "ObjectId": "Raffadax.RCP_PoppySeedTea"
        },
        {
            "Name": null,
            "IsBigCraftable": false,
            "HasQualities": false,
            "RequiredSize": "Small",
            "ObjectId": "Raffadax.RCP_PsilocybinTea"
        },
        {
            "Name": null,
            "IsBigCraftable": false,
            "HasQualities": false,
            "RequiredSize": "Small",
            "ObjectId": "Raffadax.RCP_PuerhTea"
        },
        {
            "Name": null,
            "IsBigCraftable": false,
            "HasQualities": false,
            "RequiredSize": "Small",
            "ObjectId": "Raffadax.RCP_PumpkinSeedTea"
        },
        {
            "Name": null,
            "IsBigCraftable": false,
            "HasQualities": false,
            "RequiredSize": "Small",
            "ObjectId": "Raffadax.RCP_PumpkinSpiceCoffee"
        },
        {
            "Name": null,
            "IsBigCraftable": false,
            "HasQualities": false,
            "RequiredSize": "Small",
            "ObjectId": "Raffadax.RCP_PurpleMushroomTea"
        },
        {
            "Name": null,
            "IsBigCraftable": false,
            "HasQualities": false,
            "RequiredSize": "Small",
            "ObjectId": "Raffadax.RCP_QiTea"
        },
        {
            "Name": null,
            "IsBigCraftable": false,
            "HasQualities": false,
            "RequiredSize": "Small",
            "ObjectId": "Raffadax.RCP_RadioactiveTea"
        },
        {
            "Name": null,
            "IsBigCraftable": false,
            "HasQualities": false,
            "RequiredSize": "Small",
            "ObjectId": "Raffadax.RCP_RainforestTea"
        },
        {
            "Name": null,
            "IsBigCraftable": false,
            "HasQualities": false,
            "RequiredSize": "Small",
            "ObjectId": "Raffadax.RCP_RedAlgaeTea"
        },
        {
            "Name": null,
            "IsBigCraftable": false,
            "HasQualities": false,
            "RequiredSize": "Small",
            "ObjectId": "Raffadax.RCP_RedAntlerTea"
        },
        {
            "Name": null,
            "IsBigCraftable": false,
            "HasQualities": false,
            "RequiredSize": "Small",
            "ObjectId": "Raffadax.RCP_RedMushroomTea"
        },
        {
            "Name": null,
            "IsBigCraftable": false,
            "HasQualities": false,
            "RequiredSize": "Small",
            "ObjectId": "Raffadax.RCP_RedTea"
        },
        {
            "Name": null,
            "IsBigCraftable": false,
            "HasQualities": false,
            "RequiredSize": "Small",
            "ObjectId": "Raffadax.RCP_RhubarbTea"
        },
        {
            "Name": null,
            "IsBigCraftable": false,
            "HasQualities": false,
            "RequiredSize": "Small",
            "ObjectId": "Raffadax.RCP_RooibosTea"
        },
        {
            "Name": null,
            "IsBigCraftable": false,
            "HasQualities": false,
            "RequiredSize": "Small",
            "ObjectId": "Raffadax.RCP_RoseHipTea"
        },
        {
            "Name": null,
            "IsBigCraftable": false,
            "HasQualities": false,
            "RequiredSize": "Small",
            "ObjectId": "Raffadax.RCP_RoseTea"
        },
        {
            "Name": null,
            "IsBigCraftable": false,
            "HasQualities": false,
            "RequiredSize": "Small",
            "ObjectId": "Raffadax.RCP_RosemaryTea"
        },
        {
            "Name": null,
            "IsBigCraftable": false,
            "HasQualities": false,
            "RequiredSize": "Small",
            "ObjectId": "Raffadax.RCP_RowanTea"
        },
        {
            "Name": null,
            "IsBigCraftable": false,
            "HasQualities": false,
            "RequiredSize": "Small",
            "ObjectId": "Raffadax.RCP_RoyalPoincianaTea"
        },
        {
            "Name": null,
            "IsBigCraftable": false,
            "HasQualities": false,
            "RequiredSize": "Small",
            "ObjectId": "Raffadax.RCP_SabjaTea"
        },
        {
            "Name": null,
            "IsBigCraftable": false,
            "HasQualities": false,
            "RequiredSize": "Small",
            "ObjectId": "Raffadax.RCP_SaffronTea"
        },
        {
            "Name": null,
            "IsBigCraftable": false,
            "HasQualities": false,
            "RequiredSize": "Small",
            "ObjectId": "Raffadax.RCP_SageTea"
        },
        {
            "Name": null,
            "IsBigCraftable": false,
            "HasQualities": false,
            "RequiredSize": "Small",
            "ObjectId": "Raffadax.RCP_SakuraTea"
        },
        {
            "Name": null,
            "IsBigCraftable": false,
            "HasQualities": false,
            "RequiredSize": "Small",
            "ObjectId": "Raffadax.RCP_Sakurayu"
        },
        {
            "Name": null,
            "IsBigCraftable": false,
            "HasQualities": false,
            "RequiredSize": "Small",
            "ObjectId": "Raffadax.RCP_SamaraTea"
        },
        {
            "Name": null,
            "IsBigCraftable": false,
            "HasQualities": false,
            "RequiredSize": "Small",
            "ObjectId": "Raffadax.RCP_SarsaparillaTea"
        },
        {
            "Name": null,
            "IsBigCraftable": false,
            "HasQualities": false,
            "RequiredSize": "Small",
            "ObjectId": "Raffadax.RCP_SassafrasTea"
        },
        {
            "Name": null,
            "IsBigCraftable": false,
            "HasQualities": false,
            "RequiredSize": "Small",
            "ObjectId": "Raffadax.RCP_SavoryTea"
        },
        {
            "Name": null,
            "IsBigCraftable": false,
            "HasQualities": false,
            "RequiredSize": "Small",
            "ObjectId": "Raffadax.RCP_SeaweedTea"
        },
        {
            "Name": null,
            "IsBigCraftable": false,
            "HasQualities": false,
            "RequiredSize": "Small",
            "ObjectId": "Raffadax.RCP_SenchaGreenTea"
        },
        {
            "Name": null,
            "IsBigCraftable": false,
            "HasQualities": false,
            "RequiredSize": "Small",
            "ObjectId": "Raffadax.RCP_SerendipitTea"
        },
        {
            "Name": null,
            "IsBigCraftable": false,
            "HasQualities": false,
            "RequiredSize": "Small",
            "ObjectId": "Raffadax.RCP_ShisoTea"
        },
        {
            "Name": null,
            "IsBigCraftable": false,
            "HasQualities": false,
            "RequiredSize": "Small",
            "ObjectId": "Raffadax.RCP_SpearmintTea"
        },
        {
            "Name": null,
            "IsBigCraftable": false,
            "HasQualities": false,
            "RequiredSize": "Small",
            "ObjectId": "Raffadax.RCP_SpirulinaTea"
        },
        {
            "Name": null,
            "IsBigCraftable": false,
            "HasQualities": false,
            "RequiredSize": "Small",
            "ObjectId": "Raffadax.RCP_SpruceTea"
        },
        {
            "Name": null,
            "IsBigCraftable": false,
            "HasQualities": false,
            "RequiredSize": "Small",
            "ObjectId": "Raffadax.RCP_SquashFlowerTea"
        },
        {
            "Name": null,
            "IsBigCraftable": false,
            "HasQualities": false,
            "RequiredSize": "Small",
            "ObjectId": "Raffadax.RCP_StarAniseTea"
        },
        {
            "Name": null,
            "IsBigCraftable": false,
            "HasQualities": false,
            "RequiredSize": "Small",
            "ObjectId": "Raffadax.RCP_StarfireTea"
        },
        {
            "Name": null,
            "IsBigCraftable": false,
            "HasQualities": false,
            "RequiredSize": "Small",
            "ObjectId": "Raffadax.RCP_StarlightTea"
        },
        {
            "Name": null,
            "IsBigCraftable": false,
            "HasQualities": false,
            "RequiredSize": "Small",
            "ObjectId": "Raffadax.RCP_SterlingTea"
        },
        {
            "Name": null,
            "IsBigCraftable": false,
            "HasQualities": false,
            "RequiredSize": "Small",
            "ObjectId": "Raffadax.RCP_SumacTea"
        },
        {
            "Name": null,
            "IsBigCraftable": false,
            "HasQualities": false,
            "RequiredSize": "Small",
            "ObjectId": "Raffadax.RCP_SummerSpangleTea"
        },
        {
            "Name": null,
            "IsBigCraftable": false,
            "HasQualities": false,
            "RequiredSize": "Small",
            "ObjectId": "Raffadax.RCP_SunflowerSeedTea"
        },
        {
            "Name": null,
            "IsBigCraftable": false,
            "HasQualities": false,
            "RequiredSize": "Small",
            "ObjectId": "Raffadax.RCP_SunflowerTea"
        },
        {
            "Name": null,
            "IsBigCraftable": false,
            "HasQualities": false,
            "RequiredSize": "Small",
            "ObjectId": "Raffadax.RCP_SunlightTea"
        },
        {
            "Name": null,
            "IsBigCraftable": false,
            "HasQualities": false,
            "RequiredSize": "Small",
            "ObjectId": "Raffadax.RCP_SweetPeaTea"
        },
        {
            "Name": null,
            "IsBigCraftable": false,
            "HasQualities": false,
            "RequiredSize": "Small",
            "ObjectId": "Raffadax.RCP_TaroMilkTea"
        },
        {
            "Name": null,
            "IsBigCraftable": false,
            "HasQualities": false,
            "RequiredSize": "Small",
            "ObjectId": "Raffadax.RCP_TarragonTea"
        },
        {
            "Name": null,
            "IsBigCraftable": false,
            "HasQualities": false,
            "RequiredSize": "Small",
            "ObjectId": "Raffadax.RCP_TeaofAbyss"
        },
        {
            "Name": null,
            "IsBigCraftable": false,
            "HasQualities": false,
            "RequiredSize": "Small",
            "ObjectId": "Raffadax.RCP_ThunderCapTea"
        },
        {
            "Name": null,
            "IsBigCraftable": false,
            "HasQualities": false,
            "RequiredSize": "Small",
            "ObjectId": "Raffadax.RCP_ThymeTea"
        },
        {
            "Name": null,
            "IsBigCraftable": false,
            "HasQualities": false,
            "RequiredSize": "Small",
            "ObjectId": "Raffadax.RCP_TopinamburTea"
        },
        {
            "Name": null,
            "IsBigCraftable": false,
            "HasQualities": false,
            "RequiredSize": "Small",
            "ObjectId": "Raffadax.RCP_TranquiliTea"
        },
        {
            "Name": null,
            "IsBigCraftable": false,
            "HasQualities": false,
            "RequiredSize": "Small",
            "ObjectId": "Raffadax.RCP_TulipTea"
        },
        {
            "Name": null,
            "IsBigCraftable": false,
            "HasQualities": false,
            "RequiredSize": "Small",
            "ObjectId": "Raffadax.RCP_TurmericTea"
        },
        {
            "Name": null,
            "IsBigCraftable": false,
            "HasQualities": false,
            "RequiredSize": "Small",
            "ObjectId": "Raffadax.RCP_VanillaCafe"
        },
        {
            "Name": null,
            "IsBigCraftable": false,
            "HasQualities": false,
            "RequiredSize": "Small",
            "ObjectId": "Raffadax.RCP_VanillaOrchidTea"
        },
        {
            "Name": null,
            "IsBigCraftable": false,
            "HasQualities": false,
            "RequiredSize": "Small",
            "ObjectId": "Raffadax.RCP_VioletTea"
        },
        {
            "Name": null,
            "IsBigCraftable": false,
            "HasQualities": false,
            "RequiredSize": "Small",
            "ObjectId": "Raffadax.RCP_VoidMushroomTea"
        },
        {
            "Name": null,
            "IsBigCraftable": false,
            "HasQualities": false,
            "RequiredSize": "Small",
            "ObjectId": "Raffadax.RCP_WaldmeisterTea"
        },
        {
            "Name": null,
            "IsBigCraftable": false,
            "HasQualities": false,
            "RequiredSize": "Small",
            "ObjectId": "Raffadax.RCP_WalnutTea"
        },
        {
            "Name": null,
            "IsBigCraftable": false,
            "HasQualities": false,
            "RequiredSize": "Small",
            "ObjectId": "Raffadax.RCP_WhiteAlgaeTea"
        },
        {
            "Name": null,
            "IsBigCraftable": false,
            "HasQualities": false,
            "RequiredSize": "Small",
            "ObjectId": "Raffadax.RCP_WhiteCardamomTea"
        },
        {
            "Name": null,
            "IsBigCraftable": false,
            "HasQualities": false,
            "RequiredSize": "Small",
            "ObjectId": "Raffadax.RCP_WhiteChocolateMocha"
        },
        {
            "Name": null,
            "IsBigCraftable": false,
            "HasQualities": false,
            "RequiredSize": "Small",
            "ObjectId": "Raffadax.RCP_WhiteCocoa"
        },
        {
            "Name": null,
            "IsBigCraftable": false,
            "HasQualities": false,
            "RequiredSize": "Small",
            "ObjectId": "Raffadax.RCP_WhiteTea"
        },
        {
            "Name": null,
            "IsBigCraftable": false,
            "HasQualities": false,
            "RequiredSize": "Small",
            "ObjectId": "Raffadax.RCP_WillowTea"
        },
        {
            "Name": null,
            "IsBigCraftable": false,
            "HasQualities": false,
            "RequiredSize": "Small",
            "ObjectId": "Raffadax.RCP_WintergreenTea"
        },
        {
            "Name": null,
            "IsBigCraftable": false,
            "HasQualities": false,
            "RequiredSize": "Small",
            "ObjectId": "Raffadax.RCP_WisteriaTea"
        },
        {
            "Name": null,
            "IsBigCraftable": false,
            "HasQualities": false,
            "RequiredSize": "Small",
            "ObjectId": "Raffadax.RCP_WitchHazelTea"
        },
        {
            "Name": null,
            "IsBigCraftable": false,
            "HasQualities": false,
            "RequiredSize": "Small",
            "ObjectId": "Raffadax.RCP_WolfsbaneTea"
        },
        {
            "Name": null,
            "IsBigCraftable": false,
            "HasQualities": false,
            "RequiredSize": "Small",
            "ObjectId": "Raffadax.RCP_WoodruffTea"
        },
        {
            "Name": null,
            "IsBigCraftable": false,
            "HasQualities": false,
            "RequiredSize": "Small",
            "ObjectId": "Raffadax.RCP_WormwoodTea"
        },
        {
            "Name": null,
            "IsBigCraftable": false,
            "HasQualities": false,
            "RequiredSize": "Small",
            "ObjectId": "Raffadax.RCP_Yage"
        },
        {
            "Name": null,
            "IsBigCraftable": false,
            "HasQualities": false,
            "RequiredSize": "Small",
            "ObjectId": "Raffadax.RCP_YarrowFlowerTea"
        },
        {
            "Name": null,
            "IsBigCraftable": false,
            "HasQualities": false,
            "RequiredSize": "Small",
            "ObjectId": "Raffadax.RCP_YarrowRootTea"
        },
        {
            "Name": null,
            "IsBigCraftable": false,
            "HasQualities": false,
            "RequiredSize": "Small",
            "ObjectId": "Raffadax.RCP_YarrowTea"
        },
        {
            "Name": null,
            "IsBigCraftable": false,
            "HasQualities": false,
            "RequiredSize": "Small",
            "ObjectId": "Raffadax.RCP_YauponTea"
        },
        {
            "Name": null,
            "IsBigCraftable": false,
            "HasQualities": false,
            "RequiredSize": "Small",
            "ObjectId": "Raffadax.RCP_YellowTea"
        },
        {
            "Name": null,
            "IsBigCraftable": false,
            "HasQualities": false,
            "RequiredSize": "Small",
            "ObjectId": "Raffadax.RCP_ZaatarTea"
        }
    ]
}