{
    "IsEnabled": true,
    "ModUniqueId": "Raffadax.RCP",
    "BagId": "Raffadax.Oxidizer",
    "BagName": "Raffadax Oxidizer Products",
    "BagDescription": "A bag for storing Raffadax Oxidizer Products.",
    "IconTexture": "SpringObjects",
    "IconPosition": "{X:0 Y:0 Width:0 Height:0}",
    "Prices": {
        "Small": 2240,
        "Medium": 6720,
        "Large": 22400,
        "Giant": 67200,
        "Massive": 224000
    },
    "Capacities": {
        "Small": 30,
        "Medium": 99,
        "Large": 300,
        "Giant": 999,
        "Massive": 9999
    },
    "SizeSellers": {
        "Small": [
            "Pierre"
        ],
        "Medium": [
            "Pierre"
        ],
        "Large": [
            "Pierre"
        ],
        "Giant": [
            "Pierre"
        ],
        "Massive": [
            "Pierre"
        ]
    },
    "SizeMenuOptions": {
        "Small": {
            "GroupByQuality": true,
            "InventoryColumns": 12,
            "InventorySlotSize": 64,
            "GroupedLayoutOptions": {
                "GroupsPerRow": 5,
                "ShowValueColumn": true,
                "SlotSize": 64
            },
            "UngroupedLayoutOptions": {
                "Columns": 12,
                "LineBreakIndices": [],
                "LineBreakHeights": [],
                "SlotSize": 64
            }
        },
        "Medium": {
            "GroupByQuality": true,
            "InventoryColumns": 12,
            "InventorySlotSize": 64,
            "GroupedLayoutOptions": {
                "GroupsPerRow": 5,
                "ShowValueColumn": true,
                "SlotSize": 64
            },
            "UngroupedLayoutOptions": {
                "Columns": 12,
                "LineBreakIndices": [],
                "LineBreakHeights": [],
                "SlotSize": 64
            }
        },
        "Large": {
            "GroupByQuality": true,
            "InventoryColumns": 12,
            "InventorySlotSize": 64,
            "GroupedLayoutOptions": {
                "GroupsPerRow": 5,
                "ShowValueColumn": true,
                "SlotSize": 64
            },
            "UngroupedLayoutOptions": {
                "Columns": 12,
                "LineBreakIndices": [],
                "LineBreakHeights": [],
                "SlotSize": 64
            }
        },
        "Giant": {
            "GroupByQuality": true,
            "InventoryColumns": 12,
            "InventorySlotSize": 64,
            "GroupedLayoutOptions": {
                "GroupsPerRow": 5,
                "ShowValueColumn": true,
                "SlotSize": 64
            },
            "UngroupedLayoutOptions": {
                "Columns": 12,
                "LineBreakIndices": [],
                "LineBreakHeights": [],
                "SlotSize": 64
            }
        },
        "Massive": {
            "GroupByQuality": true,
            "InventoryColumns": 12,
            "InventorySlotSize": 64,
            "GroupedLayoutOptions": {
                "GroupsPerRow": 5,
                "ShowValueColumn": true,
                "SlotSize": 64
            },
            "UngroupedLayoutOptions": {
                "Columns": 12,
                "LineBreakIndices": [],
                "LineBreakHeights": [],
                "SlotSize": 64
            }
        }
    },
    "Items": [
        {
            "Name": null,
            "IsBigCraftable": false,
            "HasQualities": false,
            "RequiredSize": "Small",
            "ObjectId": "Raffadax.RCP_Allspice"
        },
        {
            "Name": null,
            "IsBigCraftable": false,
            "HasQualities": false,
            "RequiredSize": "Small",
            "ObjectId": "Raffadax.RCP_Amchoor"
        },
        {
            "Name": null,
            "IsBigCraftable": false,
            "HasQualities": false,
            "RequiredSize": "Small",
            "ObjectId": "Raffadax.RCP_Anardana"
        },
        {
            "Name": null,
            "IsBigCraftable": false,
            "HasQualities": false,
            "RequiredSize": "Small",
            "ObjectId": "Raffadax.RCP_AppleChips"
        },
        {
            "Name": null,
            "IsBigCraftable": false,
            "HasQualities": false,
            "RequiredSize": "Small",
            "ObjectId": "Raffadax.RCP_AstralTeaLeaf"
        },
        {
            "Name": null,
            "IsBigCraftable": false,
            "HasQualities": false,
            "RequiredSize": "Small",
            "ObjectId": "Raffadax.RCP_BananaChips"
        },
        {
            "Name": null,
            "IsBigCraftable": false,
            "HasQualities": false,
            "RequiredSize": "Small",
            "ObjectId": "Raffadax.RCP_BarbecueChips"
        },
        {
            "Name": null,
            "IsBigCraftable": false,
            "HasQualities": false,
            "RequiredSize": "Small",
            "ObjectId": "Raffadax.RCP_BlackPepperChips"
        },
        {
            "Name": null,
            "IsBigCraftable": false,
            "HasQualities": false,
            "RequiredSize": "Small",
            "ObjectId": "Raffadax.RCP_BlackPeppercorns"
        },
        {
            "Name": null,
            "IsBigCraftable": false,
            "HasQualities": false,
            "RequiredSize": "Small",
            "ObjectId": "Raffadax.RCP_BlackTeaLeaf"
        },
        {
            "Name": null,
            "IsBigCraftable": false,
            "HasQualities": false,
            "RequiredSize": "Small",
            "ObjectId": "Raffadax.RCP_BlueBananaChips"
        },
        {
            "Name": null,
            "IsBigCraftable": false,
            "HasQualities": false,
            "RequiredSize": "Small",
            "ObjectId": "Raffadax.RCP_BlueCornChips"
        },
        {
            "Name": null,
            "IsBigCraftable": false,
            "HasQualities": false,
            "RequiredSize": "Small",
            "ObjectId": "Raffadax.RCP_BluePotatoChips"
        },
        {
            "Name": null,
            "IsBigCraftable": false,
            "HasQualities": false,
            "RequiredSize": "Small",
            "ObjectId": "Raffadax.RCP_BongsutangTeaMix"
        },
        {
            "Name": null,
            "IsBigCraftable": false,
            "HasQualities": false,
            "RequiredSize": "Small",
            "ObjectId": "Raffadax.RCP_BrownSugar"
        },
        {
            "Name": null,
            "IsBigCraftable": false,
            "HasQualities": false,
            "RequiredSize": "Small",
            "ObjectId": "Raffadax.RCP_CafeCaramelBeans"
        },
        {
            "Name": null,
            "IsBigCraftable": false,
            "HasQualities": false,
            "RequiredSize": "Small",
            "ObjectId": "Raffadax.RCP_CalamiTeaLeaf"
        },
        {
            "Name": null,
            "IsBigCraftable": false,
            "HasQualities": false,
            "RequiredSize": "Small",
            "ObjectId": "Raffadax.RCP_CelticBreakfastTeaLeaf"
        },
        {
            "Name": null,
            "IsBigCraftable": false,
            "HasQualities": false,
            "RequiredSize": "Small",
            "ObjectId": "Raffadax.RCP_CheddarCheeseChips"
        },
        {
            "Name": null,
            "IsBigCraftable": false,
            "HasQualities": false,
            "RequiredSize": "Small",
            "ObjectId": "Raffadax.RCP_ChicoryCoffeeBeans"
        },
        {
            "Name": null,
            "IsBigCraftable": false,
            "HasQualities": false,
            "RequiredSize": "Small",
            "ObjectId": "Raffadax.RCP_CinnabarTeaLeaf"
        },
        {
            "Name": null,
            "IsBigCraftable": false,
            "HasQualities": false,
            "RequiredSize": "Small",
            "ObjectId": "Raffadax.RCP_ColdBrewCoffeeBeans"
        },
        {
            "Name": null,
            "IsBigCraftable": false,
            "HasQualities": false,
            "RequiredSize": "Small",
            "ObjectId": "Raffadax.RCP_CondensedMilk"
        },
        {
            "Name": null,
            "IsBigCraftable": false,
            "HasQualities": false,
            "RequiredSize": "Small",
            "ObjectId": "Raffadax.RCP_CornChips"
        },
        {
            "Name": null,
            "IsBigCraftable": false,
            "HasQualities": false,
            "RequiredSize": "Small",
            "ObjectId": "Raffadax.RCP_CreamofTartar"
        },
        {
            "Name": null,
            "IsBigCraftable": false,
            "HasQualities": false,
            "RequiredSize": "Small",
            "ObjectId": "Raffadax.RCP_CrystalizedHoney"
        },
        {
            "Name": null,
            "IsBigCraftable": false,
            "HasQualities": false,
            "RequiredSize": "Small",
            "ObjectId": "Raffadax.RCP_CrystalizedMythicHoney"
        },
        {
            "Name": null,
            "IsBigCraftable": false,
            "HasQualities": false,
            "RequiredSize": "Small",
            "ObjectId": "Raffadax.RCP_CrystalizedToxicHoney"
        },
        {
            "Name": null,
            "IsBigCraftable": false,
            "HasQualities": false,
            "RequiredSize": "Small",
            "ObjectId": "Raffadax.RCP_DarkChocolateMochaBeans"
        },
        {
            "Name": null,
            "IsBigCraftable": false,
            "HasQualities": false,
            "RequiredSize": "Small",
            "ObjectId": "Raffadax.RCP_DesiccatedErgot"
        },
        {
            "Name": null,
            "IsBigCraftable": false,
            "HasQualities": false,
            "RequiredSize": "Small",
            "ObjectId": "Raffadax.RCP_DireCrystalizedMythicHoney"
        },
        {
            "Name": null,
            "IsBigCraftable": false,
            "HasQualities": false,
            "RequiredSize": "Small",
            "ObjectId": "Raffadax.RCP_DriedAdzukiBeans"
        },
        {
            "Name": null,
            "IsBigCraftable": false,
            "HasQualities": false,
            "RequiredSize": "Small",
            "ObjectId": "Raffadax.RCP_DriedAllium"
        },
        {
            "Name": null,
            "IsBigCraftable": false,
            "HasQualities": false,
            "RequiredSize": "Small",
            "ObjectId": "Raffadax.RCP_DriedAmanita"
        },
        {
            "Name": null,
            "IsBigCraftable": false,
            "HasQualities": false,
            "RequiredSize": "Small",
            "ObjectId": "Raffadax.RCP_DriedAnemushroom"
        },
        {
            "Name": null,
            "IsBigCraftable": false,
            "HasQualities": false,
            "RequiredSize": "Small",
            "ObjectId": "Raffadax.RCP_DriedAntlerReishi"
        },
        {
            "Name": null,
            "IsBigCraftable": false,
            "HasQualities": false,
            "RequiredSize": "Small",
            "ObjectId": "Raffadax.RCP_DriedArtemisia"
        },
        {
            "Name": null,
            "IsBigCraftable": false,
            "HasQualities": false,
            "RequiredSize": "Small",
            "ObjectId": "Raffadax.RCP_DriedBasil"
        },
        {
            "Name": null,
            "IsBigCraftable": false,
            "HasQualities": false,
            "RequiredSize": "Small",
            "ObjectId": "Raffadax.RCP_DriedBayLeaf"
        },
        {
            "Name": null,
            "IsBigCraftable": false,
            "HasQualities": false,
            "RequiredSize": "Small",
            "ObjectId": "Raffadax.RCP_DriedBerserkerMushroom"
        },
        {
            "Name": null,
            "IsBigCraftable": false,
            "HasQualities": false,
            "RequiredSize": "Small",
            "ObjectId": "Raffadax.RCP_DriedBifrostFlower"
        },
        {
            "Name": null,
            "IsBigCraftable": false,
            "HasQualities": false,
            "RequiredSize": "Small",
            "ObjectId": "Raffadax.RCP_DriedBlackBeans"
        },
        {
            "Name": null,
            "IsBigCraftable": false,
            "HasQualities": false,
            "RequiredSize": "Small",
            "ObjectId": "Raffadax.RCP_DriedBlackTruffle"
        },
        {
            "Name": null,
            "IsBigCraftable": false,
            "HasQualities": false,
            "RequiredSize": "Small",
            "ObjectId": "Raffadax.RCP_DriedBlueJazzFlower"
        },
        {
            "Name": null,
            "IsBigCraftable": false,
            "HasQualities": false,
            "RequiredSize": "Small",
            "ObjectId": "Raffadax.RCP_DriedBlueLotusFlower"
        },
        {
            "Name": null,
            "IsBigCraftable": false,
            "HasQualities": false,
            "RequiredSize": "Small",
            "ObjectId": "Raffadax.RCP_DriedBlueOysterMushroom"
        },
        {
            "Name": null,
            "IsBigCraftable": false,
            "HasQualities": false,
            "RequiredSize": "Small",
            "ObjectId": "Raffadax.RCP_DriedBrassicaFlower"
        },
        {
            "Name": null,
            "IsBigCraftable": false,
            "HasQualities": false,
            "RequiredSize": "Small",
            "ObjectId": "Raffadax.RCP_DriedButtonMushroom"
        },
        {
            "Name": null,
            "IsBigCraftable": false,
            "HasQualities": false,
            "RequiredSize": "Small",
            "ObjectId": "Raffadax.RCP_DriedCactusBlossom"
        },
        {
            "Name": null,
            "IsBigCraftable": false,
            "HasQualities": false,
            "RequiredSize": "Small",
            "ObjectId": "Raffadax.RCP_DriedCactushroom"
        },
        {
            "Name": null,
            "IsBigCraftable": false,
            "HasQualities": false,
            "RequiredSize": "Small",
            "ObjectId": "Raffadax.RCP_DriedCarawayFlower"
        },
        {
            "Name": null,
            "IsBigCraftable": false,
            "HasQualities": false,
            "RequiredSize": "Small",
            "ObjectId": "Raffadax.RCP_DriedChamomile"
        },
        {
            "Name": null,
            "IsBigCraftable": false,
            "HasQualities": false,
            "RequiredSize": "Small",
            "ObjectId": "Raffadax.RCP_DriedChanterelle"
        },
        {
            "Name": null,
            "IsBigCraftable": false,
            "HasQualities": false,
            "RequiredSize": "Small",
            "ObjectId": "Raffadax.RCP_DriedChervil"
        },
        {
            "Name": null,
            "IsBigCraftable": false,
            "HasQualities": false,
            "RequiredSize": "Small",
            "ObjectId": "Raffadax.RCP_DriedChicoryFlower"
        },
        {
            "Name": null,
            "IsBigCraftable": false,
            "HasQualities": false,
            "RequiredSize": "Small",
            "ObjectId": "Raffadax.RCP_DriedChives"
        },
        {
            "Name": null,
            "IsBigCraftable": false,
            "HasQualities": false,
            "RequiredSize": "Small",
            "ObjectId": "Raffadax.RCP_DriedCilantro"
        },
        {
            "Name": null,
            "IsBigCraftable": false,
            "HasQualities": false,
            "RequiredSize": "Small",
            "ObjectId": "Raffadax.RCP_DriedCintamaniFlower"
        },
        {
            "Name": null,
            "IsBigCraftable": false,
            "HasQualities": false,
            "RequiredSize": "Small",
            "ObjectId": "Raffadax.RCP_DriedClematis"
        },
        {
            "Name": null,
            "IsBigCraftable": false,
            "HasQualities": false,
            "RequiredSize": "Small",
            "ObjectId": "Raffadax.RCP_DriedClover"
        },
        {
            "Name": null,
            "IsBigCraftable": false,
            "HasQualities": false,
            "RequiredSize": "Small",
            "ObjectId": "Raffadax.RCP_DriedCorianderFlower"
        },
        {
            "Name": null,
            "IsBigCraftable": false,
            "HasQualities": false,
            "RequiredSize": "Small",
            "ObjectId": "Raffadax.RCP_DriedCreminiMushroom"
        },
        {
            "Name": null,
            "IsBigCraftable": false,
            "HasQualities": false,
            "RequiredSize": "Small",
            "ObjectId": "Raffadax.RCP_DriedCrocusFlower"
        },
        {
            "Name": null,
            "IsBigCraftable": false,
            "HasQualities": false,
            "RequiredSize": "Small",
            "ObjectId": "Raffadax.RCP_DriedCurryLeaf"
        },
        {
            "Name": null,
            "IsBigCraftable": false,
            "HasQualities": false,
            "RequiredSize": "Small",
            "ObjectId": "Raffadax.RCP_DriedDaffodil"
        },
        {
            "Name": null,
            "IsBigCraftable": false,
            "HasQualities": false,
            "RequiredSize": "Small",
            "ObjectId": "Raffadax.RCP_DriedDaisy"
        },
        {
            "Name": null,
            "IsBigCraftable": false,
            "HasQualities": false,
            "RequiredSize": "Small",
            "ObjectId": "Raffadax.RCP_DriedDandelionFlower"
        },
        {
            "Name": null,
            "IsBigCraftable": false,
            "HasQualities": false,
            "RequiredSize": "Small",
            "ObjectId": "Raffadax.RCP_DriedDill"
        },
        {
            "Name": null,
            "IsBigCraftable": false,
            "HasQualities": false,
            "RequiredSize": "Small",
            "ObjectId": "Raffadax.RCP_DriedDogwood"
        },
        {
            "Name": null,
            "IsBigCraftable": false,
            "HasQualities": false,
            "RequiredSize": "Small",
            "ObjectId": "Raffadax.RCP_DriedDryadSaddle"
        },
        {
            "Name": null,
            "IsBigCraftable": false,
            "HasQualities": false,
            "RequiredSize": "Small",
            "ObjectId": "Raffadax.RCP_DriedElderflower"
        },
        {
            "Name": null,
            "IsBigCraftable": false,
            "HasQualities": false,
            "RequiredSize": "Small",
            "ObjectId": "Raffadax.RCP_DriedFairyRose"
        },
        {
            "Name": null,
            "IsBigCraftable": false,
            "HasQualities": false,
            "RequiredSize": "Small",
            "ObjectId": "Raffadax.RCP_DriedFennelFlower"
        },
        {
            "Name": null,
            "IsBigCraftable": false,
            "HasQualities": false,
            "RequiredSize": "Small",
            "ObjectId": "Raffadax.RCP_DriedFenugreek"
        },
        {
            "Name": null,
            "IsBigCraftable": false,
            "HasQualities": false,
            "RequiredSize": "Small",
            "ObjectId": "Raffadax.RCP_DriedFernFlower"
        },
        {
            "Name": null,
            "IsBigCraftable": false,
            "HasQualities": false,
            "RequiredSize": "Small",
            "ObjectId": "Raffadax.RCP_DriedFireWheel"
        },
        {
            "Name": null,
            "IsBigCraftable": false,
            "HasQualities": false,
            "RequiredSize": "Small",
            "ObjectId": "Raffadax.RCP_DriedFlindersRose"
        },
        {
            "Name": null,
            "IsBigCraftable": false,
            "HasQualities": false,
            "RequiredSize": "Small",
            "ObjectId": "Raffadax.RCP_DriedForestRose"
        },
        {
            "Name": null,
            "IsBigCraftable": false,
            "HasQualities": false,
            "RequiredSize": "Small",
            "ObjectId": "Raffadax.RCP_DriedForsythia"
        },
        {
            "Name": null,
            "IsBigCraftable": false,
            "HasQualities": false,
            "RequiredSize": "Small",
            "ObjectId": "Raffadax.RCP_DriedFoxglove"
        },
        {
            "Name": null,
            "IsBigCraftable": false,
            "HasQualities": false,
            "RequiredSize": "Small",
            "ObjectId": "Raffadax.RCP_DriedFrostCap"
        },
        {
            "Name": null,
            "IsBigCraftable": false,
            "HasQualities": false,
            "RequiredSize": "Small",
            "ObjectId": "Raffadax.RCP_DriedGarbanzoBeans"
        },
        {
            "Name": null,
            "IsBigCraftable": false,
            "HasQualities": false,
            "RequiredSize": "Small",
            "ObjectId": "Raffadax.RCP_DriedGemCap"
        },
        {
            "Name": null,
            "IsBigCraftable": false,
            "HasQualities": false,
            "RequiredSize": "Small",
            "ObjectId": "Raffadax.RCP_DriedGentianFlower"
        },
        {
            "Name": null,
            "IsBigCraftable": false,
            "HasQualities": false,
            "RequiredSize": "Small",
            "ObjectId": "Raffadax.RCP_DriedGinkgoLeaf"
        },
        {
            "Name": null,
            "IsBigCraftable": false,
            "HasQualities": false,
            "RequiredSize": "Small",
            "ObjectId": "Raffadax.RCP_DriedGrapeLeaf"
        },
        {
            "Name": null,
            "IsBigCraftable": false,
            "HasQualities": false,
            "RequiredSize": "Small",
            "ObjectId": "Raffadax.RCP_DriedGultheria"
        },
        {
            "Name": null,
            "IsBigCraftable": false,
            "HasQualities": false,
            "RequiredSize": "Small",
            "ObjectId": "Raffadax.RCP_DriedHawkweed"
        },
        {
            "Name": null,
            "IsBigCraftable": false,
            "HasQualities": false,
            "RequiredSize": "Small",
            "ObjectId": "Raffadax.RCP_DriedHeliconia"
        },
        {
            "Name": null,
            "IsBigCraftable": false,
            "HasQualities": false,
            "RequiredSize": "Small",
            "ObjectId": "Raffadax.RCP_DriedHibiscus"
        },
        {
            "Name": null,
            "IsBigCraftable": false,
            "HasQualities": false,
            "RequiredSize": "Small",
            "ObjectId": "Raffadax.RCP_DriedHoneysuckle"
        },
        {
            "Name": null,
            "IsBigCraftable": false,
            "HasQualities": false,
            "RequiredSize": "Small",
            "ObjectId": "Raffadax.RCP_DriedIndigo"
        },
        {
            "Name": null,
            "IsBigCraftable": false,
            "HasQualities": false,
            "RequiredSize": "Small",
            "ObjectId": "Raffadax.RCP_DriedJacaranda"
        },
        {
            "Name": null,
            "IsBigCraftable": false,
            "HasQualities": false,
            "RequiredSize": "Small",
            "ObjectId": "Raffadax.RCP_DriedJasmine"
        },
        {
            "Name": null,
            "IsBigCraftable": false,
            "HasQualities": false,
            "RequiredSize": "Small",
            "ObjectId": "Raffadax.RCP_DriedJungleMoss"
        },
        {
            "Name": null,
            "IsBigCraftable": false,
            "HasQualities": false,
            "RequiredSize": "Small",
            "ObjectId": "Raffadax.RCP_DriedJuniper"
        },
        {
            "Name": null,
            "IsBigCraftable": false,
            "HasQualities": false,
            "RequiredSize": "Small",
            "ObjectId": "Raffadax.RCP_DriedLavender"
        },
        {
            "Name": null,
            "IsBigCraftable": false,
            "HasQualities": false,
            "RequiredSize": "Small",
            "ObjectId": "Raffadax.RCP_DriedLemongrass"
        },
        {
            "Name": null,
            "IsBigCraftable": false,
            "HasQualities": false,
            "RequiredSize": "Small",
            "ObjectId": "Raffadax.RCP_DriedLentils"
        },
        {
            "Name": null,
            "IsBigCraftable": false,
            "HasQualities": false,
            "RequiredSize": "Small",
            "ObjectId": "Raffadax.RCP_DriedLilac"
        },
        {
            "Name": null,
            "IsBigCraftable": false,
            "HasQualities": false,
            "RequiredSize": "Small",
            "ObjectId": "Raffadax.RCP_DriedLinden"
        },
        {
            "Name": null,
            "IsBigCraftable": false,
            "HasQualities": false,
            "RequiredSize": "Small",
            "ObjectId": "Raffadax.RCP_DriedLiverwort"
        },
        {
            "Name": null,
            "IsBigCraftable": false,
            "HasQualities": false,
            "RequiredSize": "Small",
            "ObjectId": "Raffadax.RCP_DriedLuckyClover"
        },
        {
            "Name": null,
            "IsBigCraftable": false,
            "HasQualities": false,
            "RequiredSize": "Small",
            "ObjectId": "Raffadax.RCP_DriedLuminushroom"
        },
        {
            "Name": null,
            "IsBigCraftable": false,
            "HasQualities": false,
            "RequiredSize": "Small",
            "ObjectId": "Raffadax.RCP_DriedMagmaCap"
        },
        {
            "Name": null,
            "IsBigCraftable": false,
            "HasQualities": false,
            "RequiredSize": "Small",
            "ObjectId": "Raffadax.RCP_DriedMandragoraFlower"
        },
        {
            "Name": null,
            "IsBigCraftable": false,
            "HasQualities": false,
            "RequiredSize": "Small",
            "ObjectId": "Raffadax.RCP_DriedMarjoram"
        },
        {
            "Name": null,
            "IsBigCraftable": false,
            "HasQualities": false,
            "RequiredSize": "Small",
            "ObjectId": "Raffadax.RCP_DriedMatsutakeMushroom"
        },
        {
            "Name": null,
            "IsBigCraftable": false,
            "HasQualities": false,
            "RequiredSize": "Small",
            "ObjectId": "Raffadax.RCP_DriedMimosaFlower"
        },
        {
            "Name": null,
            "IsBigCraftable": false,
            "HasQualities": false,
            "RequiredSize": "Small",
            "ObjectId": "Raffadax.RCP_DriedMintFlower"
        },
        {
            "Name": null,
            "IsBigCraftable": false,
            "HasQualities": false,
            "RequiredSize": "Small",
            "ObjectId": "Raffadax.RCP_DriedMorel"
        },
        {
            "Name": null,
            "IsBigCraftable": false,
            "HasQualities": false,
            "RequiredSize": "Small",
            "ObjectId": "Raffadax.RCP_DriedMosshroom"
        },
        {
            "Name": null,
            "IsBigCraftable": false,
            "HasQualities": false,
            "RequiredSize": "Small",
            "ObjectId": "Raffadax.RCP_DriedMugwort"
        },
        {
            "Name": null,
            "IsBigCraftable": false,
            "HasQualities": false,
            "RequiredSize": "Small",
            "ObjectId": "Raffadax.RCP_DriedMushroom"
        },
        {
            "Name": null,
            "IsBigCraftable": false,
            "HasQualities": false,
            "RequiredSize": "Small",
            "ObjectId": "Raffadax.RCP_DriedNettleBlossom"
        },
        {
            "Name": null,
            "IsBigCraftable": false,
            "HasQualities": false,
            "RequiredSize": "Small",
            "ObjectId": "Raffadax.RCP_DriedNigella"
        },
        {
            "Name": null,
            "IsBigCraftable": false,
            "HasQualities": false,
            "RequiredSize": "Small",
            "ObjectId": "Raffadax.RCP_DriedOpuntiaFlower"
        },
        {
            "Name": null,
            "IsBigCraftable": false,
            "HasQualities": false,
            "RequiredSize": "Small",
            "ObjectId": "Raffadax.RCP_DriedOregano"
        },
        {
            "Name": null,
            "IsBigCraftable": false,
            "HasQualities": false,
            "RequiredSize": "Small",
            "ObjectId": "Raffadax.RCP_DriedOsmanthus"
        },
        {
            "Name": null,
            "IsBigCraftable": false,
            "HasQualities": false,
            "RequiredSize": "Small",
            "ObjectId": "Raffadax.RCP_DriedParsley"
        },
        {
            "Name": null,
            "IsBigCraftable": false,
            "HasQualities": false,
            "RequiredSize": "Small",
            "ObjectId": "Raffadax.RCP_DriedPassionFlower"
        },
        {
            "Name": null,
            "IsBigCraftable": false,
            "HasQualities": false,
            "RequiredSize": "Small",
            "ObjectId": "Raffadax.RCP_DriedPeppermint"
        },
        {
            "Name": null,
            "IsBigCraftable": false,
            "HasQualities": false,
            "RequiredSize": "Small",
            "ObjectId": "Raffadax.RCP_DriedPeriwinkle"
        },
        {
            "Name": null,
            "IsBigCraftable": false,
            "HasQualities": false,
            "RequiredSize": "Small",
            "ObjectId": "Raffadax.RCP_DriedPoinsettia"
        },
        {
            "Name": null,
            "IsBigCraftable": false,
            "HasQualities": false,
            "RequiredSize": "Small",
            "ObjectId": "Raffadax.RCP_DriedPoppyFlower"
        },
        {
            "Name": null,
            "IsBigCraftable": false,
            "HasQualities": false,
            "RequiredSize": "Small",
            "ObjectId": "Raffadax.RCP_DriedPortobello"
        },
        {
            "Name": null,
            "IsBigCraftable": false,
            "HasQualities": false,
            "RequiredSize": "Small",
            "ObjectId": "Raffadax.RCP_DriedPsilocybinMushroom"
        },
        {
            "Name": null,
            "IsBigCraftable": false,
            "HasQualities": false,
            "RequiredSize": "Small",
            "ObjectId": "Raffadax.RCP_DriedPuffballMushroom"
        },
        {
            "Name": null,
            "IsBigCraftable": false,
            "HasQualities": false,
            "RequiredSize": "Small",
            "ObjectId": "Raffadax.RCP_DriedPurpleMushroom"
        },
        {
            "Name": null,
            "IsBigCraftable": false,
            "HasQualities": false,
            "RequiredSize": "Small",
            "ObjectId": "Raffadax.RCP_DriedRadioactiveMushroom"
        },
        {
            "Name": null,
            "IsBigCraftable": false,
            "HasQualities": false,
            "RequiredSize": "Small",
            "ObjectId": "Raffadax.RCP_DriedRainbowEucalyptus"
        },
        {
            "Name": null,
            "IsBigCraftable": false,
            "HasQualities": false,
            "RequiredSize": "Small",
            "ObjectId": "Raffadax.RCP_DriedRedMushroom"
        },
        {
            "Name": null,
            "IsBigCraftable": false,
            "HasQualities": false,
            "RequiredSize": "Small",
            "ObjectId": "Raffadax.RCP_DriedRose"
        },
        {
            "Name": null,
            "IsBigCraftable": false,
            "HasQualities": false,
            "RequiredSize": "Small",
            "ObjectId": "Raffadax.RCP_DriedRosemary"
        },
        {
            "Name": null,
            "IsBigCraftable": false,
            "HasQualities": false,
            "RequiredSize": "Small",
            "ObjectId": "Raffadax.RCP_DriedRowanberries"
        },
        {
            "Name": null,
            "IsBigCraftable": false,
            "HasQualities": false,
            "RequiredSize": "Small",
            "ObjectId": "Raffadax.RCP_DriedRoyalPoinciana"
        },
        {
            "Name": null,
            "IsBigCraftable": false,
            "HasQualities": false,
            "RequiredSize": "Small",
            "ObjectId": "Raffadax.RCP_DriedSage"
        },
        {
            "Name": null,
            "IsBigCraftable": false,
            "HasQualities": false,
            "RequiredSize": "Small",
            "ObjectId": "Raffadax.RCP_DriedSakuraBlossom"
        },
        {
            "Name": null,
            "IsBigCraftable": false,
            "HasQualities": false,
            "RequiredSize": "Small",
            "ObjectId": "Raffadax.RCP_DriedSavory"
        },
        {
            "Name": null,
            "IsBigCraftable": false,
            "HasQualities": false,
            "RequiredSize": "Small",
            "ObjectId": "Raffadax.RCP_DriedSeaweed"
        },
        {
            "Name": null,
            "IsBigCraftable": false,
            "HasQualities": false,
            "RequiredSize": "Small",
            "ObjectId": "Raffadax.RCP_DriedShisoLeaf"
        },
        {
            "Name": null,
            "IsBigCraftable": false,
            "HasQualities": false,
            "RequiredSize": "Small",
            "ObjectId": "Raffadax.RCP_DriedSpearmint"
        },
        {
            "Name": null,
            "IsBigCraftable": false,
            "HasQualities": false,
            "RequiredSize": "Small",
            "ObjectId": "Raffadax.RCP_DriedSquashFlower"
        },
        {
            "Name": null,
            "IsBigCraftable": false,
            "HasQualities": false,
            "RequiredSize": "Small",
            "ObjectId": "Raffadax.RCP_DriedStoneFlower"
        },
        {
            "Name": null,
            "IsBigCraftable": false,
            "HasQualities": false,
            "RequiredSize": "Small",
            "ObjectId": "Raffadax.RCP_DriedSumac"
        },
        {
            "Name": null,
            "IsBigCraftable": false,
            "HasQualities": false,
            "RequiredSize": "Small",
            "ObjectId": "Raffadax.RCP_DriedSummerSpangle"
        },
        {
            "Name": null,
            "IsBigCraftable": false,
            "HasQualities": false,
            "RequiredSize": "Small",
            "ObjectId": "Raffadax.RCP_DriedSunflower"
        },
        {
            "Name": null,
            "IsBigCraftable": false,
            "HasQualities": false,
            "RequiredSize": "Small",
            "ObjectId": "Raffadax.RCP_DriedSweetPea"
        },
        {
            "Name": null,
            "IsBigCraftable": false,
            "HasQualities": false,
            "RequiredSize": "Small",
            "ObjectId": "Raffadax.RCP_DriedTarragon"
        },
        {
            "Name": null,
            "IsBigCraftable": false,
            "HasQualities": false,
            "RequiredSize": "Small",
            "ObjectId": "Raffadax.RCP_DriedThunderCap"
        },
        {
            "Name": null,
            "IsBigCraftable": false,
            "HasQualities": false,
            "RequiredSize": "Small",
            "ObjectId": "Raffadax.RCP_DriedThyme"
        },
        {
            "Name": null,
            "IsBigCraftable": false,
            "HasQualities": false,
            "RequiredSize": "Small",
            "ObjectId": "Raffadax.RCP_DriedTobaccoLeaf"
        },
        {
            "Name": null,
            "IsBigCraftable": false,
            "HasQualities": false,
            "RequiredSize": "Small",
            "ObjectId": "Raffadax.RCP_DriedTopinamburFlower"
        },
        {
            "Name": null,
            "IsBigCraftable": false,
            "HasQualities": false,
            "RequiredSize": "Small",
            "ObjectId": "Raffadax.RCP_DriedTruffle"
        },
        {
            "Name": null,
            "IsBigCraftable": false,
            "HasQualities": false,
            "RequiredSize": "Small",
            "ObjectId": "Raffadax.RCP_DriedTulip"
        },
        {
            "Name": null,
            "IsBigCraftable": false,
            "HasQualities": false,
            "RequiredSize": "Small",
            "ObjectId": "Raffadax.RCP_DriedUnluckyClover"
        },
        {
            "Name": null,
            "IsBigCraftable": false,
            "HasQualities": false,
            "RequiredSize": "Small",
            "ObjectId": "Raffadax.RCP_DriedVanillaOrchid"
        },
        {
            "Name": null,
            "IsBigCraftable": false,
            "HasQualities": false,
            "RequiredSize": "Small",
            "ObjectId": "Raffadax.RCP_DriedViolet"
        },
        {
            "Name": null,
            "IsBigCraftable": false,
            "HasQualities": false,
            "RequiredSize": "Small",
            "ObjectId": "Raffadax.RCP_DriedVoidMushroom"
        },
        {
            "Name": null,
            "IsBigCraftable": false,
            "HasQualities": false,
            "RequiredSize": "Small",
            "ObjectId": "Raffadax.RCP_DriedWaldmeister"
        },
        {
            "Name": null,
            "IsBigCraftable": false,
            "HasQualities": false,
            "RequiredSize": "Small",
            "ObjectId": "Raffadax.RCP_DriedWhiteTruffle"
        },
        {
            "Name": null,
            "IsBigCraftable": false,
            "HasQualities": false,
            "RequiredSize": "Small",
            "ObjectId": "Raffadax.RCP_DriedWildDaisy"
        },
        {
            "Name": null,
            "IsBigCraftable": false,
            "HasQualities": false,
            "RequiredSize": "Small",
            "ObjectId": "Raffadax.RCP_DriedWildViolet"
        },
        {
            "Name": null,
            "IsBigCraftable": false,
            "HasQualities": false,
            "RequiredSize": "Small",
            "ObjectId": "Raffadax.RCP_DriedWintergreen"
        },
        {
            "Name": null,
            "IsBigCraftable": false,
            "HasQualities": false,
            "RequiredSize": "Small",
            "ObjectId": "Raffadax.RCP_DriedWisteria"
        },
        {
            "Name": null,
            "IsBigCraftable": false,
            "HasQualities": false,
            "RequiredSize": "Small",
            "ObjectId": "Raffadax.RCP_DriedWitchHazel"
        },
        {
            "Name": null,
            "IsBigCraftable": false,
            "HasQualities": false,
            "RequiredSize": "Small",
            "ObjectId": "Raffadax.RCP_DriedWolfsbane"
        },
        {
            "Name": null,
            "IsBigCraftable": false,
            "HasQualities": false,
            "RequiredSize": "Small",
            "ObjectId": "Raffadax.RCP_DriedWoodruff"
        },
        {
            "Name": null,
            "IsBigCraftable": false,
            "HasQualities": false,
            "RequiredSize": "Small",
            "ObjectId": "Raffadax.RCP_DriedWormwood"
        },
        {
            "Name": null,
            "IsBigCraftable": false,
            "HasQualities": false,
            "RequiredSize": "Small",
            "ObjectId": "Raffadax.RCP_DriedYarrowFlower"
        },
        {
            "Name": null,
            "IsBigCraftable": false,
            "HasQualities": false,
            "RequiredSize": "Small",
            "ObjectId": "Raffadax.RCP_DriedYarrowLeaf"
        },
        {
            "Name": null,
            "IsBigCraftable": false,
            "HasQualities": false,
            "RequiredSize": "Small",
            "ObjectId": "Raffadax.RCP_EarlGreyTeaLeaf"
        },
        {
            "Name": null,
            "IsBigCraftable": false,
            "HasQualities": false,
            "RequiredSize": "Small",
            "ObjectId": "Raffadax.RCP_EvaporatedMilk"
        },
        {
            "Name": null,
            "IsBigCraftable": false,
            "HasQualities": false,
            "RequiredSize": "Small",
            "ObjectId": "Raffadax.RCP_FeliciTeaLeaf"
        },
        {
            "Name": null,
            "IsBigCraftable": false,
            "HasQualities": false,
            "RequiredSize": "Small",
            "ObjectId": "Raffadax.RCP_FrostMalt"
        },
        {
            "Name": null,
            "IsBigCraftable": false,
            "HasQualities": false,
            "RequiredSize": "Small",
            "ObjectId": "Raffadax.RCP_GenmaichaTeaMix"
        },
        {
            "Name": null,
            "IsBigCraftable": false,
            "HasQualities": false,
            "RequiredSize": "Small",
            "ObjectId": "Raffadax.RCP_GoldenPrune"
        },
        {
            "Name": null,
            "IsBigCraftable": false,
            "HasQualities": false,
            "RequiredSize": "Small",
            "ObjectId": "Raffadax.RCP_GoldenRaisins"
        },
        {
            "Name": null,
            "IsBigCraftable": false,
            "HasQualities": false,
            "RequiredSize": "Small",
            "ObjectId": "Raffadax.RCP_GrosMichelChips"
        },
        {
            "Name": null,
            "IsBigCraftable": false,
            "HasQualities": false,
            "RequiredSize": "Small",
            "ObjectId": "Raffadax.RCP_GyokuroTeaLeaf"
        },
        {
            "Name": null,
            "IsBigCraftable": false,
            "HasQualities": false,
            "RequiredSize": "Small",
            "ObjectId": "Raffadax.RCP_HoneycrispAppleChips"
        },
        {
            "Name": null,
            "IsBigCraftable": false,
            "HasQualities": false,
            "RequiredSize": "Small",
            "ObjectId": "Raffadax.RCP_HotCornChips"
        },
        {
            "Name": null,
            "IsBigCraftable": false,
            "HasQualities": false,
            "RequiredSize": "Small",
            "ObjectId": "Raffadax.RCP_HuaMoaChips"
        },
        {
            "Name": null,
            "IsBigCraftable": false,
            "HasQualities": false,
            "RequiredSize": "Small",
            "ObjectId": "Raffadax.RCP_IceTeaLeaf"
        },
        {
            "Name": null,
            "IsBigCraftable": false,
            "HasQualities": false,
            "RequiredSize": "Small",
            "ObjectId": "Raffadax.RCP_JalapenoPotatoChips"
        },
        {
            "Name": null,
            "IsBigCraftable": false,
            "HasQualities": false,
            "RequiredSize": "Small",
            "ObjectId": "Raffadax.RCP_KaleChips"
        },
        {
            "Name": null,
            "IsBigCraftable": false,
            "HasQualities": false,
            "RequiredSize": "Small",
            "ObjectId": "Raffadax.RCP_Khoa"
        },
        {
            "Name": null,
            "IsBigCraftable": false,
            "HasQualities": false,
            "RequiredSize": "Small",
            "ObjectId": "Raffadax.RCP_Mace"
        },
        {
            "Name": null,
            "IsBigCraftable": false,
            "HasQualities": false,
            "RequiredSize": "Small",
            "ObjectId": "Raffadax.RCP_MatchaTeaPowder"
        },
        {
            "Name": null,
            "IsBigCraftable": false,
            "HasQualities": false,
            "RequiredSize": "Small",
            "ObjectId": "Raffadax.RCP_MintMochaBeans"
        },
        {
            "Name": null,
            "IsBigCraftable": false,
            "HasQualities": false,
            "RequiredSize": "Small",
            "ObjectId": "Raffadax.RCP_MochaCoffeeBeans"
        },
        {
            "Name": null,
            "IsBigCraftable": false,
            "HasQualities": false,
            "RequiredSize": "Small",
            "ObjectId": "Raffadax.RCP_MyristicaAril"
        },
        {
            "Name": null,
            "IsBigCraftable": false,
            "HasQualities": false,
            "RequiredSize": "Small",
            "ObjectId": "Raffadax.RCP_NachoCornChips"
        },
        {
            "Name": null,
            "IsBigCraftable": false,
            "HasQualities": false,
            "RequiredSize": "Small",
            "ObjectId": "Raffadax.RCP_NinoBananaChips"
        },
        {
            "Name": null,
            "IsBigCraftable": false,
            "HasQualities": false,
            "RequiredSize": "Small",
            "ObjectId": "Raffadax.RCP_Nori"
        },
        {
            "Name": null,
            "IsBigCraftable": false,
            "HasQualities": false,
            "RequiredSize": "Small",
            "ObjectId": "Raffadax.RCP_Nutmeg"
        },
        {
            "Name": null,
            "IsBigCraftable": false,
            "HasQualities": false,
            "RequiredSize": "Small",
            "ObjectId": "Raffadax.RCP_OolongTeaLeaf"
        },
        {
            "Name": null,
            "IsBigCraftable": false,
            "HasQualities": false,
            "RequiredSize": "Small",
            "ObjectId": "Raffadax.RCP_PenicillinPowder"
        },
        {
            "Name": null,
            "IsBigCraftable": false,
            "HasQualities": false,
            "RequiredSize": "Small",
            "ObjectId": "Raffadax.RCP_PlantainChips"
        },
        {
            "Name": null,
            "IsBigCraftable": false,
            "HasQualities": false,
            "RequiredSize": "Small",
            "ObjectId": "Raffadax.RCP_PoisonAppleChips"
        },
        {
            "Name": null,
            "IsBigCraftable": false,
            "HasQualities": false,
            "RequiredSize": "Small",
            "ObjectId": "Raffadax.RCP_PopcornKernels"
        },
        {
            "Name": null,
            "IsBigCraftable": false,
            "HasQualities": false,
            "RequiredSize": "Small",
            "ObjectId": "Raffadax.RCP_PotatoChips"
        },
        {
            "Name": null,
            "IsBigCraftable": false,
            "HasQualities": false,
            "RequiredSize": "Small",
            "ObjectId": "Raffadax.RCP_PowderedMilk"
        },
        {
            "Name": null,
            "IsBigCraftable": false,
            "HasQualities": false,
            "RequiredSize": "Small",
            "ObjectId": "Raffadax.RCP_Prune"
        },
        {
            "Name": null,
            "IsBigCraftable": false,
            "HasQualities": false,
            "RequiredSize": "Small",
            "ObjectId": "Raffadax.RCP_PumpkinSpiceCoffeeBeans"
        },
        {
            "Name": null,
            "IsBigCraftable": false,
            "HasQualities": false,
            "RequiredSize": "Small",
            "ObjectId": "Raffadax.RCP_RanchCornChips"
        },
        {
            "Name": null,
            "IsBigCraftable": false,
            "HasQualities": false,
            "RequiredSize": "Small",
            "ObjectId": "Raffadax.RCP_RedBananaChips"
        },
        {
            "Name": null,
            "IsBigCraftable": false,
            "HasQualities": false,
            "RequiredSize": "Small",
            "ObjectId": "Raffadax.RCP_RedCornChips"
        },
        {
            "Name": null,
            "IsBigCraftable": false,
            "HasQualities": false,
            "RequiredSize": "Small",
            "ObjectId": "Raffadax.RCP_RedPotatoChips"
        },
        {
            "Name": null,
            "IsBigCraftable": false,
            "HasQualities": false,
            "RequiredSize": "Small",
            "ObjectId": "Raffadax.RCP_RedTeaLeaf"
        },
        {
            "Name": null,
            "IsBigCraftable": false,
            "HasQualities": false,
            "RequiredSize": "Small",
            "ObjectId": "Raffadax.RCP_Rushan"
        },
        {
            "Name": null,
            "IsBigCraftable": false,
            "HasQualities": false,
            "RequiredSize": "Small",
            "ObjectId": "Raffadax.RCP_SaltVinegarChips"
        },
        {
            "Name": null,
            "IsBigCraftable": false,
            "HasQualities": false,
            "RequiredSize": "Small",
            "ObjectId": "Raffadax.RCP_SenchaTeaLeaf"
        },
        {
            "Name": null,
            "IsBigCraftable": false,
            "HasQualities": false,
            "RequiredSize": "Small",
            "ObjectId": "Raffadax.RCP_SerendipitTeaLeaf"
        },
        {
            "Name": null,
            "IsBigCraftable": false,
            "HasQualities": false,
            "RequiredSize": "Small",
            "ObjectId": "Raffadax.RCP_SourAppleChips"
        },
        {
            "Name": null,
            "IsBigCraftable": false,
            "HasQualities": false,
            "RequiredSize": "Small",
            "ObjectId": "Raffadax.RCP_SourCreamOnionChips"
        },
        {
            "Name": null,
            "IsBigCraftable": false,
            "HasQualities": false,
            "RequiredSize": "Small",
            "ObjectId": "Raffadax.RCP_SpinachChips"
        },
        {
            "Name": null,
            "IsBigCraftable": false,
            "HasQualities": false,
            "RequiredSize": "Small",
            "ObjectId": "Raffadax.RCP_SunDriedTomato"
        },
        {
            "Name": null,
            "IsBigCraftable": false,
            "HasQualities": false,
            "RequiredSize": "Small",
            "ObjectId": "Raffadax.RCP_SweetPotatoChips"
        },
        {
            "Name": null,
            "IsBigCraftable": false,
            "HasQualities": false,
            "RequiredSize": "Small",
            "ObjectId": "Raffadax.RCP_TapiocaChips"
        },
        {
            "Name": null,
            "IsBigCraftable": false,
            "HasQualities": false,
            "RequiredSize": "Small",
            "ObjectId": "Raffadax.RCP_VanillaCafeBeans"
        },
        {
            "Name": null,
            "IsBigCraftable": false,
            "HasQualities": false,
            "RequiredSize": "Small",
            "ObjectId": "Raffadax.RCP_WhiteChocolateMochaBeans"
        },
        {
            "Name": null,
            "IsBigCraftable": false,
            "HasQualities": false,
            "RequiredSize": "Small",
            "ObjectId": "Raffadax.RCP_YamChips"
        },
        {
            "Name": null,
            "IsBigCraftable": false,
            "HasQualities": false,
            "RequiredSize": "Small",
            "ObjectId": "Raffadax.RCP_YellowTeaLeaf"
        }
    ]
}