{
    "IsEnabled": true,
    "ModUniqueId": "Raffadax.RCP",
    "BagId": "Raffadax.Oil.Maker",
    "BagName": "Raffadax Oil Maker Products",
    "BagDescription": "A bag for storing Raffadax Oil Maker Products",
    "IconTexture": "SpringObjects",
    "IconPosition": "{X:0 Y:0 Width:0 Height:0}",
    "Prices": {
        "Small": 350,
        "Medium": 1050,
        "Large": 3500,
        "Giant": 10500,
        "Massive": 35000
    },
    "Capacities": {
        "Small": 30,
        "Medium": 99,
        "Large": 300,
        "Giant": 999,
        "Massive": 9999
    },
    "SizeSellers": {
        "Small": [
            "Pierre"
        ],
        "Medium": [
            "Pierre"
        ],
        "Large": [
            "Pierre"
        ],
        "Giant": [
            "Pierre"
        ],
        "Massive": [
            "Pierre"
        ]
    },
    "SizeMenuOptions": {
        "Small": {
            "GroupByQuality": true,
            "InventoryColumns": 12,
            "InventorySlotSize": 64,
            "GroupedLayoutOptions": {
                "GroupsPerRow": 5,
                "ShowValueColumn": true,
                "SlotSize": 64
            },
            "UngroupedLayoutOptions": {
                "Columns": 12,
                "LineBreakIndices": [],
                "LineBreakHeights": [],
                "SlotSize": 64
            }
        },
        "Medium": {
            "GroupByQuality": true,
            "InventoryColumns": 12,
            "InventorySlotSize": 64,
            "GroupedLayoutOptions": {
                "GroupsPerRow": 5,
                "ShowValueColumn": true,
                "SlotSize": 64
            },
            "UngroupedLayoutOptions": {
                "Columns": 12,
                "LineBreakIndices": [],
                "LineBreakHeights": [],
                "SlotSize": 64
            }
        },
        "Large": {
            "GroupByQuality": true,
            "InventoryColumns": 12,
            "InventorySlotSize": 64,
            "GroupedLayoutOptions": {
                "GroupsPerRow": 5,
                "ShowValueColumn": true,
                "SlotSize": 64
            },
            "UngroupedLayoutOptions": {
                "Columns": 12,
                "LineBreakIndices": [],
                "LineBreakHeights": [],
                "SlotSize": 64
            }
        },
        "Giant": {
            "GroupByQuality": true,
            "InventoryColumns": 12,
            "InventorySlotSize": 64,
            "GroupedLayoutOptions": {
                "GroupsPerRow": 5,
                "ShowValueColumn": true,
                "SlotSize": 64
            },
            "UngroupedLayoutOptions": {
                "Columns": 12,
                "LineBreakIndices": [],
                "LineBreakHeights": [],
                "SlotSize": 64
            }
        },
        "Massive": {
            "GroupByQuality": true,
            "InventoryColumns": 12,
            "InventorySlotSize": 64,
            "GroupedLayoutOptions": {
                "GroupsPerRow": 5,
                "ShowValueColumn": true,
                "SlotSize": 64
            },
            "UngroupedLayoutOptions": {
                "Columns": 12,
                "LineBreakIndices": [],
                "LineBreakHeights": [],
                "SlotSize": 64
            }
        }
    },
    "Items": [
        {
            "Name": null,
            "IsBigCraftable": false,
            "HasQualities": true,
            "RequiredSize": "Small",
            "ObjectId": "Raffadax.RCP_AcornOil"
        },
        {
            "Name": null,
            "IsBigCraftable": false,
            "HasQualities": true,
            "RequiredSize": "Small",
            "ObjectId": "Raffadax.RCP_AlmondOil"
        },
        {
            "Name": null,
            "IsBigCraftable": false,
            "HasQualities": true,
            "RequiredSize": "Small",
            "ObjectId": "Raffadax.RCP_ApricotOil"
        },
        {
            "Name": null,
            "IsBigCraftable": false,
            "HasQualities": true,
            "RequiredSize": "Small",
            "ObjectId": "Raffadax.RCP_AvocadoOil"
        },
        {
            "Name": null,
            "IsBigCraftable": false,
            "HasQualities": true,
            "RequiredSize": "Small",
            "ObjectId": "Raffadax.RCP_BlackSesameOil"
        },
        {
            "Name": null,
            "IsBigCraftable": false,
            "HasQualities": true,
            "RequiredSize": "Small",
            "ObjectId": "Raffadax.RCP_BlackTruffleOil"
        },
        {
            "Name": null,
            "IsBigCraftable": false,
            "HasQualities": true,
            "RequiredSize": "Small",
            "ObjectId": "Raffadax.RCP_BlackWalnutOil"
        },
        {
            "Name": null,
            "IsBigCraftable": false,
            "HasQualities": true,
            "RequiredSize": "Small",
            "ObjectId": "Raffadax.RCP_BrazilNutOil"
        },
        {
            "Name": null,
            "IsBigCraftable": false,
            "HasQualities": true,
            "RequiredSize": "Small",
            "ObjectId": "Raffadax.RCP_CannabisOil"
        },
        {
            "Name": null,
            "IsBigCraftable": false,
            "HasQualities": true,
            "RequiredSize": "Small",
            "ObjectId": "Raffadax.RCP_CashewOil"
        },
        {
            "Name": null,
            "IsBigCraftable": false,
            "HasQualities": true,
            "RequiredSize": "Small",
            "ObjectId": "Raffadax.RCP_ChestnutOil"
        },
        {
            "Name": null,
            "IsBigCraftable": false,
            "HasQualities": true,
            "RequiredSize": "Small",
            "ObjectId": "Raffadax.RCP_CocodeMerOil"
        },
        {
            "Name": null,
            "IsBigCraftable": false,
            "HasQualities": true,
            "RequiredSize": "Small",
            "ObjectId": "Raffadax.RCP_CoconutOil"
        },
        {
            "Name": null,
            "IsBigCraftable": false,
            "HasQualities": true,
            "RequiredSize": "Small",
            "ObjectId": "Raffadax.RCP_CoeurdelaMerOil"
        },
        {
            "Name": null,
            "IsBigCraftable": false,
            "HasQualities": true,
            "RequiredSize": "Small",
            "ObjectId": "Raffadax.RCP_CornOil"
        },
        {
            "Name": null,
            "IsBigCraftable": false,
            "HasQualities": true,
            "RequiredSize": "Small",
            "ObjectId": "Raffadax.RCP_ExtraVirginOliveOil"
        },
        {
            "Name": null,
            "IsBigCraftable": false,
            "HasQualities": true,
            "RequiredSize": "Small",
            "ObjectId": "Raffadax.RCP_FireOil"
        },
        {
            "Name": null,
            "IsBigCraftable": false,
            "HasQualities": true,
            "RequiredSize": "Small",
            "ObjectId": "Raffadax.RCP_GrapeseedOil"
        },
        {
            "Name": null,
            "IsBigCraftable": false,
            "HasQualities": true,
            "RequiredSize": "Small",
            "ObjectId": "Raffadax.RCP_HazelnutOil"
        },
        {
            "Name": null,
            "IsBigCraftable": false,
            "HasQualities": true,
            "RequiredSize": "Small",
            "ObjectId": "Raffadax.RCP_HornNutOil"
        },
        {
            "Name": null,
            "IsBigCraftable": false,
            "HasQualities": true,
            "RequiredSize": "Small",
            "ObjectId": "Raffadax.RCP_MacadamiaNutOil"
        },
        {
            "Name": null,
            "IsBigCraftable": false,
            "HasQualities": true,
            "RequiredSize": "Small",
            "ObjectId": "Raffadax.RCP_MahoganySeedOil"
        },
        {
            "Name": null,
            "IsBigCraftable": false,
            "HasQualities": true,
            "RequiredSize": "Small",
            "ObjectId": "Raffadax.RCP_MapleSeedOil"
        },
        {
            "Name": null,
            "IsBigCraftable": false,
            "HasQualities": true,
            "RequiredSize": "Small",
            "ObjectId": "Raffadax.RCP_MarconaAlmondOil"
        },
        {
            "Name": null,
            "IsBigCraftable": false,
            "HasQualities": true,
            "RequiredSize": "Small",
            "ObjectId": "Raffadax.RCP_OliveOil"
        },
        {
            "Name": null,
            "IsBigCraftable": false,
            "HasQualities": true,
            "RequiredSize": "Small",
            "ObjectId": "Raffadax.RCP_PalmOil"
        },
        {
            "Name": null,
            "IsBigCraftable": false,
            "HasQualities": true,
            "RequiredSize": "Small",
            "ObjectId": "Raffadax.RCP_PeanutOil"
        },
        {
            "Name": null,
            "IsBigCraftable": false,
            "HasQualities": true,
            "RequiredSize": "Small",
            "ObjectId": "Raffadax.RCP_PecanOil"
        },
        {
            "Name": null,
            "IsBigCraftable": false,
            "HasQualities": true,
            "RequiredSize": "Small",
            "ObjectId": "Raffadax.RCP_PineNutOil"
        },
        {
            "Name": null,
            "IsBigCraftable": false,
            "HasQualities": true,
            "RequiredSize": "Small",
            "ObjectId": "Raffadax.RCP_PistachioOil"
        },
        {
            "Name": null,
            "IsBigCraftable": false,
            "HasQualities": true,
            "RequiredSize": "Small",
            "ObjectId": "Raffadax.RCP_PoppySeedOil"
        },
        {
            "Name": null,
            "IsBigCraftable": false,
            "HasQualities": true,
            "RequiredSize": "Small",
            "ObjectId": "Raffadax.RCP_SoybeanOil"
        },
        {
            "Name": null,
            "IsBigCraftable": false,
            "HasQualities": true,
            "RequiredSize": "Small",
            "ObjectId": "Raffadax.RCP_SunflowerSeedOil"
        },
        {
            "Name": null,
            "IsBigCraftable": false,
            "HasQualities": true,
            "RequiredSize": "Small",
            "ObjectId": "Raffadax.RCP_WalnutOil"
        },
        {
            "Name": null,
            "IsBigCraftable": false,
            "HasQualities": true,
            "RequiredSize": "Small",
            "ObjectId": "Raffadax.RCP_WhiteTruffleOil"
        }
    ]
}