{
    "IsEnabled": true,
    "ModUniqueId": "Raffadax.RCP",
    "BagId": "Raffadax.Fermentation.Kombuchas.2",
    "BagName": "Raffadax Fermentation Tank Products (Kombuchas Ko-Z)",
    "BagDescription": "A bag for storing Raffadax Fermentation Tank Products (Kombuchas Ko-Z)",
    "IconTexture": "SpringObjects",
    "IconPosition": "{X:0 Y:0 Width:0 Height:0}",
    "Prices": {
        "Small": 1310,
        "Medium": 3930,
        "Large": 13100,
        "Giant": 39300,
        "Massive": 131000
    },
    "Capacities": {
        "Small": 30,
        "Medium": 99,
        "Large": 300,
        "Giant": 999,
        "Massive": 9999
    },
    "SizeSellers": {
        "Small": [
            "Pierre"
        ],
        "Medium": [
            "Pierre"
        ],
        "Large": [
            "Pierre"
        ],
        "Giant": [
            "Pierre"
        ],
        "Massive": [
            "Pierre"
        ]
    },
    "SizeMenuOptions": {
        "Small": {
            "GroupByQuality": true,
            "InventoryColumns": 12,
            "InventorySlotSize": 64,
            "GroupedLayoutOptions": {
                "GroupsPerRow": 5,
                "ShowValueColumn": true,
                "SlotSize": 64
            },
            "UngroupedLayoutOptions": {
                "Columns": 12,
                "LineBreakIndices": [],
                "LineBreakHeights": [],
                "SlotSize": 64
            }
        },
        "Medium": {
            "GroupByQuality": true,
            "InventoryColumns": 12,
            "InventorySlotSize": 64,
            "GroupedLayoutOptions": {
                "GroupsPerRow": 5,
                "ShowValueColumn": true,
                "SlotSize": 64
            },
            "UngroupedLayoutOptions": {
                "Columns": 12,
                "LineBreakIndices": [],
                "LineBreakHeights": [],
                "SlotSize": 64
            }
        },
        "Large": {
            "GroupByQuality": true,
            "InventoryColumns": 12,
            "InventorySlotSize": 64,
            "GroupedLayoutOptions": {
                "GroupsPerRow": 5,
                "ShowValueColumn": true,
                "SlotSize": 64
            },
            "UngroupedLayoutOptions": {
                "Columns": 12,
                "LineBreakIndices": [],
                "LineBreakHeights": [],
                "SlotSize": 64
            }
        },
        "Giant": {
            "GroupByQuality": true,
            "InventoryColumns": 12,
            "InventorySlotSize": 64,
            "GroupedLayoutOptions": {
                "GroupsPerRow": 5,
                "ShowValueColumn": true,
                "SlotSize": 64
            },
            "UngroupedLayoutOptions": {
                "Columns": 12,
                "LineBreakIndices": [],
                "LineBreakHeights": [],
                "SlotSize": 64
            }
        },
        "Massive": {
            "GroupByQuality": true,
            "InventoryColumns": 12,
            "InventorySlotSize": 64,
            "GroupedLayoutOptions": {
                "GroupsPerRow": 5,
                "ShowValueColumn": true,
                "SlotSize": 64
            },
            "UngroupedLayoutOptions": {
                "Columns": 12,
                "LineBreakIndices": [],
                "LineBreakHeights": [],
                "SlotSize": 64
            }
        }
    },
    "Items": [
        {
            "Name": null,
            "IsBigCraftable": false,
            "HasQualities": true,
            "RequiredSize": "Small",
            "ObjectId": "Raffadax.RCP_KombuKombucha"
        },
        {
            "Name": null,
            "IsBigCraftable": false,
            "HasQualities": true,
            "RequiredSize": "Small",
            "ObjectId": "Raffadax.RCP_KukichaKombucha"
        },
        {
            "Name": null,
            "IsBigCraftable": false,
            "HasQualities": true,
            "RequiredSize": "Small",
            "ObjectId": "Raffadax.RCP_LavenderKombucha"
        },
        {
            "Name": null,
            "IsBigCraftable": false,
            "HasQualities": true,
            "RequiredSize": "Small",
            "ObjectId": "Raffadax.RCP_LemongrassKombucha"
        },
        {
            "Name": null,
            "IsBigCraftable": false,
            "HasQualities": true,
            "RequiredSize": "Small",
            "ObjectId": "Raffadax.RCP_LilacKombucha"
        },
        {
            "Name": null,
            "IsBigCraftable": false,
            "HasQualities": true,
            "RequiredSize": "Small",
            "ObjectId": "Raffadax.RCP_LindenKombucha"
        },
        {
            "Name": null,
            "IsBigCraftable": false,
            "HasQualities": true,
            "RequiredSize": "Small",
            "ObjectId": "Raffadax.RCP_LiverwortKombucha"
        },
        {
            "Name": null,
            "IsBigCraftable": false,
            "HasQualities": true,
            "RequiredSize": "Small",
            "ObjectId": "Raffadax.RCP_LotusRootKombucha"
        },
        {
            "Name": null,
            "IsBigCraftable": false,
            "HasQualities": true,
            "RequiredSize": "Small",
            "ObjectId": "Raffadax.RCP_LuckyKombucha"
        },
        {
            "Name": null,
            "IsBigCraftable": false,
            "HasQualities": true,
            "RequiredSize": "Small",
            "ObjectId": "Raffadax.RCP_LuminushroomKombucha"
        },
        {
            "Name": null,
            "IsBigCraftable": false,
            "HasQualities": true,
            "RequiredSize": "Small",
            "ObjectId": "Raffadax.RCP_MacadamiaKombucha"
        },
        {
            "Name": null,
            "IsBigCraftable": false,
            "HasQualities": true,
            "RequiredSize": "Small",
            "ObjectId": "Raffadax.RCP_MaceKombucha"
        },
        {
            "Name": null,
            "IsBigCraftable": false,
            "HasQualities": true,
            "RequiredSize": "Small",
            "ObjectId": "Raffadax.RCP_MaelstromKombucha"
        },
        {
            "Name": null,
            "IsBigCraftable": false,
            "HasQualities": true,
            "RequiredSize": "Small",
            "ObjectId": "Raffadax.RCP_MagmaCapKombucha"
        },
        {
            "Name": null,
            "IsBigCraftable": false,
            "HasQualities": true,
            "RequiredSize": "Small",
            "ObjectId": "Raffadax.RCP_MahoganySeedKombucha"
        },
        {
            "Name": null,
            "IsBigCraftable": false,
            "HasQualities": true,
            "RequiredSize": "Small",
            "ObjectId": "Raffadax.RCP_MandragoraFlowerKombucha"
        },
        {
            "Name": null,
            "IsBigCraftable": false,
            "HasQualities": true,
            "RequiredSize": "Small",
            "ObjectId": "Raffadax.RCP_MandrakeKombucha"
        },
        {
            "Name": null,
            "IsBigCraftable": false,
            "HasQualities": true,
            "RequiredSize": "Small",
            "ObjectId": "Raffadax.RCP_MarjoramKombucha"
        },
        {
            "Name": null,
            "IsBigCraftable": false,
            "HasQualities": true,
            "RequiredSize": "Small",
            "ObjectId": "Raffadax.RCP_MatchaKombucha"
        },
        {
            "Name": null,
            "IsBigCraftable": false,
            "HasQualities": true,
            "RequiredSize": "Small",
            "ObjectId": "Raffadax.RCP_MatsutakeKombucha"
        },
        {
            "Name": null,
            "IsBigCraftable": false,
            "HasQualities": true,
            "RequiredSize": "Small",
            "ObjectId": "Raffadax.RCP_MimosaKombucha"
        },
        {
            "Name": null,
            "IsBigCraftable": false,
            "HasQualities": true,
            "RequiredSize": "Small",
            "ObjectId": "Raffadax.RCP_MintFlowerKombucha"
        },
        {
            "Name": null,
            "IsBigCraftable": false,
            "HasQualities": true,
            "RequiredSize": "Small",
            "ObjectId": "Raffadax.RCP_MoonlightKombucha"
        },
        {
            "Name": null,
            "IsBigCraftable": false,
            "HasQualities": true,
            "RequiredSize": "Small",
            "ObjectId": "Raffadax.RCP_MorelKombucha"
        },
        {
            "Name": null,
            "IsBigCraftable": false,
            "HasQualities": true,
            "RequiredSize": "Small",
            "ObjectId": "Raffadax.RCP_MosshroomKombucha"
        },
        {
            "Name": null,
            "IsBigCraftable": false,
            "HasQualities": true,
            "RequiredSize": "Small",
            "ObjectId": "Raffadax.RCP_MugwortKombucha"
        },
        {
            "Name": null,
            "IsBigCraftable": false,
            "HasQualities": true,
            "RequiredSize": "Small",
            "ObjectId": "Raffadax.RCP_MushroomKombucha"
        },
        {
            "Name": null,
            "IsBigCraftable": false,
            "HasQualities": true,
            "RequiredSize": "Small",
            "ObjectId": "Raffadax.RCP_MustardSeedKombucha"
        },
        {
            "Name": null,
            "IsBigCraftable": false,
            "HasQualities": true,
            "RequiredSize": "Small",
            "ObjectId": "Raffadax.RCP_NettleBlossomKombucha"
        },
        {
            "Name": null,
            "IsBigCraftable": false,
            "HasQualities": true,
            "RequiredSize": "Small",
            "ObjectId": "Raffadax.RCP_NettleKombucha"
        },
        {
            "Name": null,
            "IsBigCraftable": false,
            "HasQualities": true,
            "RequiredSize": "Small",
            "ObjectId": "Raffadax.RCP_NigellaKombucha"
        },
        {
            "Name": null,
            "IsBigCraftable": false,
            "HasQualities": true,
            "RequiredSize": "Small",
            "ObjectId": "Raffadax.RCP_NoxiousKombucha"
        },
        {
            "Name": null,
            "IsBigCraftable": false,
            "HasQualities": true,
            "RequiredSize": "Small",
            "ObjectId": "Raffadax.RCP_NutmegKombucha"
        },
        {
            "Name": null,
            "IsBigCraftable": false,
            "HasQualities": true,
            "RequiredSize": "Small",
            "ObjectId": "Raffadax.RCP_OatStrawKombucha"
        },
        {
            "Name": null,
            "IsBigCraftable": false,
            "HasQualities": true,
            "RequiredSize": "Small",
            "ObjectId": "Raffadax.RCP_OolongKombucha"
        },
        {
            "Name": null,
            "IsBigCraftable": false,
            "HasQualities": true,
            "RequiredSize": "Small",
            "ObjectId": "Raffadax.RCP_OpuntiaKombucha"
        },
        {
            "Name": null,
            "IsBigCraftable": false,
            "HasQualities": true,
            "RequiredSize": "Small",
            "ObjectId": "Raffadax.RCP_OreganoKombucha"
        },
        {
            "Name": null,
            "IsBigCraftable": false,
            "HasQualities": true,
            "RequiredSize": "Small",
            "ObjectId": "Raffadax.RCP_OsmanthusKombucha"
        },
        {
            "Name": null,
            "IsBigCraftable": false,
            "HasQualities": true,
            "RequiredSize": "Small",
            "ObjectId": "Raffadax.RCP_ParsleyKombucha"
        },
        {
            "Name": null,
            "IsBigCraftable": false,
            "HasQualities": true,
            "RequiredSize": "Small",
            "ObjectId": "Raffadax.RCP_PassionFlowerKombucha"
        },
        {
            "Name": null,
            "IsBigCraftable": false,
            "HasQualities": true,
            "RequiredSize": "Small",
            "ObjectId": "Raffadax.RCP_PeanutKombucha"
        },
        {
            "Name": null,
            "IsBigCraftable": false,
            "HasQualities": true,
            "RequiredSize": "Small",
            "ObjectId": "Raffadax.RCP_PecanKombucha"
        },
        {
            "Name": null,
            "IsBigCraftable": false,
            "HasQualities": true,
            "RequiredSize": "Small",
            "ObjectId": "Raffadax.RCP_PeppercornKombucha"
        },
        {
            "Name": null,
            "IsBigCraftable": false,
            "HasQualities": true,
            "RequiredSize": "Small",
            "ObjectId": "Raffadax.RCP_PeppermintKombucha"
        },
        {
            "Name": null,
            "IsBigCraftable": false,
            "HasQualities": true,
            "RequiredSize": "Small",
            "ObjectId": "Raffadax.RCP_PeriwinkleKombucha"
        },
        {
            "Name": null,
            "IsBigCraftable": false,
            "HasQualities": true,
            "RequiredSize": "Small",
            "ObjectId": "Raffadax.RCP_PeyoteKombucha"
        },
        {
            "Name": null,
            "IsBigCraftable": false,
            "HasQualities": true,
            "RequiredSize": "Small",
            "ObjectId": "Raffadax.RCP_PistachioKombucha"
        },
        {
            "Name": null,
            "IsBigCraftable": false,
            "HasQualities": true,
            "RequiredSize": "Small",
            "ObjectId": "Raffadax.RCP_PoinsettiaKombucha"
        },
        {
            "Name": null,
            "IsBigCraftable": false,
            "HasQualities": true,
            "RequiredSize": "Small",
            "ObjectId": "Raffadax.RCP_PoppyFlowerKombucha"
        },
        {
            "Name": null,
            "IsBigCraftable": false,
            "HasQualities": true,
            "RequiredSize": "Small",
            "ObjectId": "Raffadax.RCP_PoppySeedKombucha"
        },
        {
            "Name": null,
            "IsBigCraftable": false,
            "HasQualities": true,
            "RequiredSize": "Small",
            "ObjectId": "Raffadax.RCP_PortobelloKombucha"
        },
        {
            "Name": null,
            "IsBigCraftable": false,
            "HasQualities": true,
            "RequiredSize": "Small",
            "ObjectId": "Raffadax.RCP_PsilocybinKombucha"
        },
        {
            "Name": null,
            "IsBigCraftable": false,
            "HasQualities": true,
            "RequiredSize": "Small",
            "ObjectId": "Raffadax.RCP_PuerhKombucha"
        },
        {
            "Name": null,
            "IsBigCraftable": false,
            "HasQualities": true,
            "RequiredSize": "Small",
            "ObjectId": "Raffadax.RCP_PuffballKombucha"
        },
        {
            "Name": null,
            "IsBigCraftable": false,
            "HasQualities": true,
            "RequiredSize": "Small",
            "ObjectId": "Raffadax.RCP_PumpkinSeedKombucha"
        },
        {
            "Name": null,
            "IsBigCraftable": false,
            "HasQualities": true,
            "RequiredSize": "Small",
            "ObjectId": "Raffadax.RCP_PurpleMushroomKombucha"
        },
        {
            "Name": null,
            "IsBigCraftable": false,
            "HasQualities": true,
            "RequiredSize": "Small",
            "ObjectId": "Raffadax.RCP_QiKombucha"
        },
        {
            "Name": null,
            "IsBigCraftable": false,
            "HasQualities": true,
            "RequiredSize": "Small",
            "ObjectId": "Raffadax.RCP_RadioactiveKombucha"
        },
        {
            "Name": null,
            "IsBigCraftable": false,
            "HasQualities": true,
            "RequiredSize": "Small",
            "ObjectId": "Raffadax.RCP_RainforestKombucha"
        },
        {
            "Name": null,
            "IsBigCraftable": false,
            "HasQualities": true,
            "RequiredSize": "Small",
            "ObjectId": "Raffadax.RCP_RedAlgaeKombucha"
        },
        {
            "Name": null,
            "IsBigCraftable": false,
            "HasQualities": true,
            "RequiredSize": "Small",
            "ObjectId": "Raffadax.RCP_RedAntlerKombucha"
        },
        {
            "Name": null,
            "IsBigCraftable": false,
            "HasQualities": true,
            "RequiredSize": "Small",
            "ObjectId": "Raffadax.RCP_RedMushroomKombucha"
        },
        {
            "Name": null,
            "IsBigCraftable": false,
            "HasQualities": true,
            "RequiredSize": "Small",
            "ObjectId": "Raffadax.RCP_RedTeaKombucha"
        },
        {
            "Name": null,
            "IsBigCraftable": false,
            "HasQualities": true,
            "RequiredSize": "Small",
            "ObjectId": "Raffadax.RCP_RhubarbKombucha"
        },
        {
            "Name": null,
            "IsBigCraftable": false,
            "HasQualities": true,
            "RequiredSize": "Small",
            "ObjectId": "Raffadax.RCP_RooibosKombucha"
        },
        {
            "Name": null,
            "IsBigCraftable": false,
            "HasQualities": true,
            "RequiredSize": "Small",
            "ObjectId": "Raffadax.RCP_RoseHipKombucha"
        },
        {
            "Name": null,
            "IsBigCraftable": false,
            "HasQualities": true,
            "RequiredSize": "Small",
            "ObjectId": "Raffadax.RCP_RoseKombucha"
        },
        {
            "Name": null,
            "IsBigCraftable": false,
            "HasQualities": true,
            "RequiredSize": "Small",
            "ObjectId": "Raffadax.RCP_RosemaryKombucha"
        },
        {
            "Name": null,
            "IsBigCraftable": false,
            "HasQualities": true,
            "RequiredSize": "Small",
            "ObjectId": "Raffadax.RCP_RowanKombucha"
        },
        {
            "Name": null,
            "IsBigCraftable": false,
            "HasQualities": true,
            "RequiredSize": "Small",
            "ObjectId": "Raffadax.RCP_RoyalPoincianaKombucha"
        },
        {
            "Name": null,
            "IsBigCraftable": false,
            "HasQualities": true,
            "RequiredSize": "Small",
            "ObjectId": "Raffadax.RCP_SabjaKombucha"
        },
        {
            "Name": null,
            "IsBigCraftable": false,
            "HasQualities": true,
            "RequiredSize": "Small",
            "ObjectId": "Raffadax.RCP_SaffronKombucha"
        },
        {
            "Name": null,
            "IsBigCraftable": false,
            "HasQualities": true,
            "RequiredSize": "Small",
            "ObjectId": "Raffadax.RCP_SageKombucha"
        },
        {
            "Name": null,
            "IsBigCraftable": false,
            "HasQualities": true,
            "RequiredSize": "Small",
            "ObjectId": "Raffadax.RCP_SakuraKombucha"
        },
        {
            "Name": null,
            "IsBigCraftable": false,
            "HasQualities": true,
            "RequiredSize": "Small",
            "ObjectId": "Raffadax.RCP_SakurayuKombucha"
        },
        {
            "Name": null,
            "IsBigCraftable": false,
            "HasQualities": true,
            "RequiredSize": "Small",
            "ObjectId": "Raffadax.RCP_SamaraKombucha"
        },
        {
            "Name": null,
            "IsBigCraftable": false,
            "HasQualities": true,
            "RequiredSize": "Small",
            "ObjectId": "Raffadax.RCP_SarsaparillaKombucha"
        },
        {
            "Name": null,
            "IsBigCraftable": false,
            "HasQualities": true,
            "RequiredSize": "Small",
            "ObjectId": "Raffadax.RCP_SassafrasKombucha"
        },
        {
            "Name": null,
            "IsBigCraftable": false,
            "HasQualities": true,
            "RequiredSize": "Small",
            "ObjectId": "Raffadax.RCP_SavoryKombucha"
        },
        {
            "Name": null,
            "IsBigCraftable": false,
            "HasQualities": true,
            "RequiredSize": "Small",
            "ObjectId": "Raffadax.RCP_SeaweedKombucha"
        },
        {
            "Name": null,
            "IsBigCraftable": false,
            "HasQualities": true,
            "RequiredSize": "Small",
            "ObjectId": "Raffadax.RCP_SenchaKombucha"
        },
        {
            "Name": null,
            "IsBigCraftable": false,
            "HasQualities": true,
            "RequiredSize": "Small",
            "ObjectId": "Raffadax.RCP_SerendipitTeaKombucha"
        },
        {
            "Name": null,
            "IsBigCraftable": false,
            "HasQualities": true,
            "RequiredSize": "Small",
            "ObjectId": "Raffadax.RCP_ShisoKombucha"
        },
        {
            "Name": null,
            "IsBigCraftable": false,
            "HasQualities": true,
            "RequiredSize": "Small",
            "ObjectId": "Raffadax.RCP_SpearmintKombucha"
        },
        {
            "Name": null,
            "IsBigCraftable": false,
            "HasQualities": true,
            "RequiredSize": "Small",
            "ObjectId": "Raffadax.RCP_SpirulinaKombucha"
        },
        {
            "Name": null,
            "IsBigCraftable": false,
            "HasQualities": true,
            "RequiredSize": "Small",
            "ObjectId": "Raffadax.RCP_SpruceKombucha"
        },
        {
            "Name": null,
            "IsBigCraftable": false,
            "HasQualities": true,
            "RequiredSize": "Small",
            "ObjectId": "Raffadax.RCP_SquashFlowerKombucha"
        },
        {
            "Name": null,
            "IsBigCraftable": false,
            "HasQualities": true,
            "RequiredSize": "Small",
            "ObjectId": "Raffadax.RCP_StarAniseKombucha"
        },
        {
            "Name": null,
            "IsBigCraftable": false,
            "HasQualities": true,
            "RequiredSize": "Small",
            "ObjectId": "Raffadax.RCP_StarfireKombucha"
        },
        {
            "Name": null,
            "IsBigCraftable": false,
            "HasQualities": true,
            "RequiredSize": "Small",
            "ObjectId": "Raffadax.RCP_StarlightKombucha"
        },
        {
            "Name": null,
            "IsBigCraftable": false,
            "HasQualities": true,
            "RequiredSize": "Small",
            "ObjectId": "Raffadax.RCP_SterlingKombucha"
        },
        {
            "Name": null,
            "IsBigCraftable": false,
            "HasQualities": true,
            "RequiredSize": "Small",
            "ObjectId": "Raffadax.RCP_SumacKombucha"
        },
        {
            "Name": null,
            "IsBigCraftable": false,
            "HasQualities": true,
            "RequiredSize": "Small",
            "ObjectId": "Raffadax.RCP_SummerSpangleKombucha"
        },
        {
            "Name": null,
            "IsBigCraftable": false,
            "HasQualities": true,
            "RequiredSize": "Small",
            "ObjectId": "Raffadax.RCP_SunflowerKombucha"
        },
        {
            "Name": null,
            "IsBigCraftable": false,
            "HasQualities": true,
            "RequiredSize": "Small",
            "ObjectId": "Raffadax.RCP_SunflowerSeedKombucha"
        },
        {
            "Name": null,
            "IsBigCraftable": false,
            "HasQualities": true,
            "RequiredSize": "Small",
            "ObjectId": "Raffadax.RCP_SunlightKombucha"
        },
        {
            "Name": null,
            "IsBigCraftable": false,
            "HasQualities": true,
            "RequiredSize": "Small",
            "ObjectId": "Raffadax.RCP_SweetPeaKombucha"
        },
        {
            "Name": null,
            "IsBigCraftable": false,
            "HasQualities": true,
            "RequiredSize": "Small",
            "ObjectId": "Raffadax.RCP_SylvanKombucha"
        },
        {
            "Name": null,
            "IsBigCraftable": false,
            "HasQualities": true,
            "RequiredSize": "Small",
            "ObjectId": "Raffadax.RCP_TaroKombucha"
        },
        {
            "Name": null,
            "IsBigCraftable": false,
            "HasQualities": true,
            "RequiredSize": "Small",
            "ObjectId": "Raffadax.RCP_TarragonKombucha"
        },
        {
            "Name": null,
            "IsBigCraftable": false,
            "HasQualities": true,
            "RequiredSize": "Small",
            "ObjectId": "Raffadax.RCP_ThunderCapKombucha"
        },
        {
            "Name": null,
            "IsBigCraftable": false,
            "HasQualities": true,
            "RequiredSize": "Small",
            "ObjectId": "Raffadax.RCP_ThymeKombucha"
        },
        {
            "Name": null,
            "IsBigCraftable": false,
            "HasQualities": true,
            "RequiredSize": "Small",
            "ObjectId": "Raffadax.RCP_TopinamburKombucha"
        },
        {
            "Name": null,
            "IsBigCraftable": false,
            "HasQualities": true,
            "RequiredSize": "Small",
            "ObjectId": "Raffadax.RCP_TranquiliTeaKombucha"
        },
        {
            "Name": null,
            "IsBigCraftable": false,
            "HasQualities": true,
            "RequiredSize": "Small",
            "ObjectId": "Raffadax.RCP_TruffleKombucha"
        },
        {
            "Name": null,
            "IsBigCraftable": false,
            "HasQualities": true,
            "RequiredSize": "Small",
            "ObjectId": "Raffadax.RCP_TulipKombucha"
        },
        {
            "Name": null,
            "IsBigCraftable": false,
            "HasQualities": true,
            "RequiredSize": "Small",
            "ObjectId": "Raffadax.RCP_TurmericKombucha"
        },
        {
            "Name": null,
            "IsBigCraftable": false,
            "HasQualities": true,
            "RequiredSize": "Small",
            "ObjectId": "Raffadax.RCP_VanillaKombucha"
        },
        {
            "Name": null,
            "IsBigCraftable": false,
            "HasQualities": true,
            "RequiredSize": "Small",
            "ObjectId": "Raffadax.RCP_VanillaOrchidKombucha"
        },
        {
            "Name": null,
            "IsBigCraftable": false,
            "HasQualities": true,
            "RequiredSize": "Small",
            "ObjectId": "Raffadax.RCP_VioletKombucha"
        },
        {
            "Name": null,
            "IsBigCraftable": false,
            "HasQualities": true,
            "RequiredSize": "Small",
            "ObjectId": "Raffadax.RCP_VoidMushroomKombucha"
        },
        {
            "Name": null,
            "IsBigCraftable": false,
            "HasQualities": true,
            "RequiredSize": "Small",
            "ObjectId": "Raffadax.RCP_WaldmeisterKombucha"
        },
        {
            "Name": null,
            "IsBigCraftable": false,
            "HasQualities": true,
            "RequiredSize": "Small",
            "ObjectId": "Raffadax.RCP_WalnutKombucha"
        },
        {
            "Name": null,
            "IsBigCraftable": false,
            "HasQualities": true,
            "RequiredSize": "Small",
            "ObjectId": "Raffadax.RCP_WhiteAlgaeKombucha"
        },
        {
            "Name": null,
            "IsBigCraftable": false,
            "HasQualities": true,
            "RequiredSize": "Small",
            "ObjectId": "Raffadax.RCP_WhiteCardamomKombucha"
        },
        {
            "Name": null,
            "IsBigCraftable": false,
            "HasQualities": true,
            "RequiredSize": "Small",
            "ObjectId": "Raffadax.RCP_WhiteChocolateKombucha"
        },
        {
            "Name": null,
            "IsBigCraftable": false,
            "HasQualities": true,
            "RequiredSize": "Small",
            "ObjectId": "Raffadax.RCP_WhiteTeaKombucha"
        },
        {
            "Name": null,
            "IsBigCraftable": false,
            "HasQualities": true,
            "RequiredSize": "Small",
            "ObjectId": "Raffadax.RCP_WhiteTruffleKombucha"
        },
        {
            "Name": null,
            "IsBigCraftable": false,
            "HasQualities": true,
            "RequiredSize": "Small",
            "ObjectId": "Raffadax.RCP_WillowKombucha"
        },
        {
            "Name": null,
            "IsBigCraftable": false,
            "HasQualities": true,
            "RequiredSize": "Small",
            "ObjectId": "Raffadax.RCP_WintergreenKombucha"
        },
        {
            "Name": null,
            "IsBigCraftable": false,
            "HasQualities": true,
            "RequiredSize": "Small",
            "ObjectId": "Raffadax.RCP_WisteriaKombucha"
        },
        {
            "Name": null,
            "IsBigCraftable": false,
            "HasQualities": true,
            "RequiredSize": "Small",
            "ObjectId": "Raffadax.RCP_WitchHazelKombucha"
        },
        {
            "Name": null,
            "IsBigCraftable": false,
            "HasQualities": true,
            "RequiredSize": "Small",
            "ObjectId": "Raffadax.RCP_WolfsbaneKombucha"
        },
        {
            "Name": null,
            "IsBigCraftable": false,
            "HasQualities": true,
            "RequiredSize": "Small",
            "ObjectId": "Raffadax.RCP_WoodruffKombucha"
        },
        {
            "Name": null,
            "IsBigCraftable": false,
            "HasQualities": true,
            "RequiredSize": "Small",
            "ObjectId": "Raffadax.RCP_WormwoodKombucha"
        },
        {
            "Name": null,
            "IsBigCraftable": false,
            "HasQualities": true,
            "RequiredSize": "Small",
            "ObjectId": "Raffadax.RCP_YarrowFlowerKombucha"
        },
        {
            "Name": null,
            "IsBigCraftable": false,
            "HasQualities": true,
            "RequiredSize": "Small",
            "ObjectId": "Raffadax.RCP_YarrowKombucha"
        },
        {
            "Name": null,
            "IsBigCraftable": false,
            "HasQualities": true,
            "RequiredSize": "Small",
            "ObjectId": "Raffadax.RCP_YarrowRootKombucha"
        },
        {
            "Name": null,
            "IsBigCraftable": false,
            "HasQualities": true,
            "RequiredSize": "Small",
            "ObjectId": "Raffadax.RCP_YauponKombucha"
        },
        {
            "Name": null,
            "IsBigCraftable": false,
            "HasQualities": true,
            "RequiredSize": "Small",
            "ObjectId": "Raffadax.RCP_YellowTeaKombucha"
        },
        {
            "Name": null,
            "IsBigCraftable": false,
            "HasQualities": true,
            "RequiredSize": "Small",
            "ObjectId": "Raffadax.RCP_ZaatarKombucha"
        }
    ]
}