{
    "IsEnabled": true,
    "ModUniqueId": "Raffadax.RCP",
    "BagId": "Raffadax.Puree.Jar",
    "BagName": "Raffadax Puree Jar Products (Ac-Ku)",
    "BagDescription": "A bag for storing Raffadax Puree Jar Products (Ac-Ku)",
    "IconTexture": "SpringObjects",
    "IconPosition": "{X:0 Y:0 Width:0 Height:0}",
    "Prices": {
        "Small": 1410,
        "Medium": 4230,
        "Large": 14100,
        "Giant": 42300,
        "Massive": 141000
    },
    "Capacities": {
        "Small": 30,
        "Medium": 99,
        "Large": 300,
        "Giant": 999,
        "Massive": 9999
    },
    "SizeSellers": {
        "Small": [
            "Pierre"
        ],
        "Medium": [
            "Pierre"
        ],
        "Large": [
            "Pierre"
        ],
        "Giant": [
            "Pierre"
        ],
        "Massive": [
            "Pierre"
        ]
    },
    "SizeMenuOptions": {
        "Small": {
            "GroupByQuality": true,
            "InventoryColumns": 12,
            "InventorySlotSize": 64,
            "GroupedLayoutOptions": {
                "GroupsPerRow": 5,
                "ShowValueColumn": true,
                "SlotSize": 64
            },
            "UngroupedLayoutOptions": {
                "Columns": 12,
                "LineBreakIndices": [],
                "LineBreakHeights": [],
                "SlotSize": 64
            }
        },
        "Medium": {
            "GroupByQuality": true,
            "InventoryColumns": 12,
            "InventorySlotSize": 64,
            "GroupedLayoutOptions": {
                "GroupsPerRow": 5,
                "ShowValueColumn": true,
                "SlotSize": 64
            },
            "UngroupedLayoutOptions": {
                "Columns": 12,
                "LineBreakIndices": [],
                "LineBreakHeights": [],
                "SlotSize": 64
            }
        },
        "Large": {
            "GroupByQuality": true,
            "InventoryColumns": 12,
            "InventorySlotSize": 64,
            "GroupedLayoutOptions": {
                "GroupsPerRow": 5,
                "ShowValueColumn": true,
                "SlotSize": 64
            },
            "UngroupedLayoutOptions": {
                "Columns": 12,
                "LineBreakIndices": [],
                "LineBreakHeights": [],
                "SlotSize": 64
            }
        },
        "Giant": {
            "GroupByQuality": true,
            "InventoryColumns": 12,
            "InventorySlotSize": 64,
            "GroupedLayoutOptions": {
                "GroupsPerRow": 5,
                "ShowValueColumn": true,
                "SlotSize": 64
            },
            "UngroupedLayoutOptions": {
                "Columns": 12,
                "LineBreakIndices": [],
                "LineBreakHeights": [],
                "SlotSize": 64
            }
        },
        "Massive": {
            "GroupByQuality": true,
            "InventoryColumns": 12,
            "InventorySlotSize": 64,
            "GroupedLayoutOptions": {
                "GroupsPerRow": 5,
                "ShowValueColumn": true,
                "SlotSize": 64
            },
            "UngroupedLayoutOptions": {
                "Columns": 12,
                "LineBreakIndices": [],
                "LineBreakHeights": [],
                "SlotSize": 64
            }
        }
    },
    "Items": [
        {
            "Name": null,
            "IsBigCraftable": false,
            "HasQualities": true,
            "RequiredSize": "Small",
            "ObjectId": "Raffadax.RCP_AcaiPuree"
        },
        {
            "Name": null,
            "IsBigCraftable": false,
            "HasQualities": true,
            "RequiredSize": "Small",
            "ObjectId": "Raffadax.RCP_AcornButter"
        },
        {
            "Name": null,
            "IsBigCraftable": false,
            "HasQualities": true,
            "RequiredSize": "Small",
            "ObjectId": "Raffadax.RCP_AlfredoSauce"
        },
        {
            "Name": null,
            "IsBigCraftable": false,
            "HasQualities": true,
            "RequiredSize": "Small",
            "ObjectId": "Raffadax.RCP_AlliumPuree"
        },
        {
            "Name": null,
            "IsBigCraftable": false,
            "HasQualities": true,
            "RequiredSize": "Small",
            "ObjectId": "Raffadax.RCP_AllspicePuree"
        },
        {
            "Name": null,
            "IsBigCraftable": false,
            "HasQualities": true,
            "RequiredSize": "Small",
            "ObjectId": "Raffadax.RCP_AlmondButter"
        },
        {
            "Name": null,
            "IsBigCraftable": false,
            "HasQualities": true,
            "RequiredSize": "Small",
            "ObjectId": "Raffadax.RCP_AloeSalve"
        },
        {
            "Name": null,
            "IsBigCraftable": false,
            "HasQualities": true,
            "RequiredSize": "Small",
            "ObjectId": "Raffadax.RCP_AncientFruitPuree"
        },
        {
            "Name": null,
            "IsBigCraftable": false,
            "HasQualities": true,
            "RequiredSize": "Small",
            "ObjectId": "Raffadax.RCP_AnjouPearButter"
        },
        {
            "Name": null,
            "IsBigCraftable": false,
            "HasQualities": true,
            "RequiredSize": "Small",
            "ObjectId": "Raffadax.RCP_Anko"
        },
        {
            "Name": null,
            "IsBigCraftable": false,
            "HasQualities": true,
            "RequiredSize": "Small",
            "ObjectId": "Raffadax.RCP_AppleButter"
        },
        {
            "Name": null,
            "IsBigCraftable": false,
            "HasQualities": true,
            "RequiredSize": "Small",
            "ObjectId": "Raffadax.RCP_AppleSauce"
        },
        {
            "Name": null,
            "IsBigCraftable": false,
            "HasQualities": true,
            "RequiredSize": "Small",
            "ObjectId": "Raffadax.RCP_ApricotPuree"
        },
        {
            "Name": null,
            "IsBigCraftable": false,
            "HasQualities": true,
            "RequiredSize": "Small",
            "ObjectId": "Raffadax.RCP_ArtemisiaPuree"
        },
        {
            "Name": null,
            "IsBigCraftable": false,
            "HasQualities": true,
            "RequiredSize": "Small",
            "ObjectId": "Raffadax.RCP_BahidajPuree"
        },
        {
            "Name": null,
            "IsBigCraftable": false,
            "HasQualities": true,
            "RequiredSize": "Small",
            "ObjectId": "Raffadax.RCP_BananaPuree"
        },
        {
            "Name": null,
            "IsBigCraftable": false,
            "HasQualities": true,
            "RequiredSize": "Small",
            "ObjectId": "Raffadax.RCP_BaobabButter"
        },
        {
            "Name": null,
            "IsBigCraftable": false,
            "HasQualities": true,
            "RequiredSize": "Small",
            "ObjectId": "Raffadax.RCP_BarbecueSauce"
        },
        {
            "Name": null,
            "IsBigCraftable": false,
            "HasQualities": true,
            "RequiredSize": "Small",
            "ObjectId": "Raffadax.RCP_BearberryPuree"
        },
        {
            "Name": null,
            "IsBigCraftable": false,
            "HasQualities": true,
            "RequiredSize": "Small",
            "ObjectId": "Raffadax.RCP_BergamotOrangeCurd"
        },
        {
            "Name": null,
            "IsBigCraftable": false,
            "HasQualities": true,
            "RequiredSize": "Small",
            "ObjectId": "Raffadax.RCP_BifrostPuree"
        },
        {
            "Name": null,
            "IsBigCraftable": false,
            "HasQualities": true,
            "RequiredSize": "Small",
            "ObjectId": "Raffadax.RCP_BlackBeanPuree"
        },
        {
            "Name": null,
            "IsBigCraftable": false,
            "HasQualities": true,
            "RequiredSize": "Small",
            "ObjectId": "Raffadax.RCP_BlackCherryPuree"
        },
        {
            "Name": null,
            "IsBigCraftable": false,
            "HasQualities": true,
            "RequiredSize": "Small",
            "ObjectId": "Raffadax.RCP_BlackCurrantPuree"
        },
        {
            "Name": null,
            "IsBigCraftable": false,
            "HasQualities": true,
            "RequiredSize": "Small",
            "ObjectId": "Raffadax.RCP_BlackGarlicPaste"
        },
        {
            "Name": null,
            "IsBigCraftable": false,
            "HasQualities": true,
            "RequiredSize": "Small",
            "ObjectId": "Raffadax.RCP_BlackSesameButter"
        },
        {
            "Name": null,
            "IsBigCraftable": false,
            "HasQualities": true,
            "RequiredSize": "Small",
            "ObjectId": "Raffadax.RCP_BlackTahini"
        },
        {
            "Name": null,
            "IsBigCraftable": false,
            "HasQualities": true,
            "RequiredSize": "Small",
            "ObjectId": "Raffadax.RCP_BlackWalnutButter"
        },
        {
            "Name": null,
            "IsBigCraftable": false,
            "HasQualities": true,
            "RequiredSize": "Small",
            "ObjectId": "Raffadax.RCP_BlackberryPuree"
        },
        {
            "Name": null,
            "IsBigCraftable": false,
            "HasQualities": true,
            "RequiredSize": "Small",
            "ObjectId": "Raffadax.RCP_BlueJazzPuree"
        },
        {
            "Name": null,
            "IsBigCraftable": false,
            "HasQualities": true,
            "RequiredSize": "Small",
            "ObjectId": "Raffadax.RCP_BlueLotusPuree"
        },
        {
            "Name": null,
            "IsBigCraftable": false,
            "HasQualities": true,
            "RequiredSize": "Small",
            "ObjectId": "Raffadax.RCP_BlueRaspberryPuree"
        },
        {
            "Name": null,
            "IsBigCraftable": false,
            "HasQualities": true,
            "RequiredSize": "Small",
            "ObjectId": "Raffadax.RCP_BlueberryPuree"
        },
        {
            "Name": null,
            "IsBigCraftable": false,
            "HasQualities": true,
            "RequiredSize": "Small",
            "ObjectId": "Raffadax.RCP_BoxberryPuree"
        },
        {
            "Name": null,
            "IsBigCraftable": false,
            "HasQualities": true,
            "RequiredSize": "Small",
            "ObjectId": "Raffadax.RCP_BrassicaFlowerPuree"
        },
        {
            "Name": null,
            "IsBigCraftable": false,
            "HasQualities": true,
            "RequiredSize": "Small",
            "ObjectId": "Raffadax.RCP_BrazilNutButter"
        },
        {
            "Name": null,
            "IsBigCraftable": false,
            "HasQualities": true,
            "RequiredSize": "Small",
            "ObjectId": "Raffadax.RCP_BrownMustard"
        },
        {
            "Name": null,
            "IsBigCraftable": false,
            "HasQualities": true,
            "RequiredSize": "Small",
            "ObjectId": "Raffadax.RCP_BuddhasHandFruitCurd"
        },
        {
            "Name": null,
            "IsBigCraftable": false,
            "HasQualities": true,
            "RequiredSize": "Small",
            "ObjectId": "Raffadax.RCP_ButterscotchPudding"
        },
        {
            "Name": null,
            "IsBigCraftable": false,
            "HasQualities": true,
            "RequiredSize": "Small",
            "ObjectId": "Raffadax.RCP_CactusBlossomPuree"
        },
        {
            "Name": null,
            "IsBigCraftable": false,
            "HasQualities": true,
            "RequiredSize": "Small",
            "ObjectId": "Raffadax.RCP_CactusFruitPuree"
        },
        {
            "Name": null,
            "IsBigCraftable": false,
            "HasQualities": true,
            "RequiredSize": "Small",
            "ObjectId": "Raffadax.RCP_CantaloupePuree"
        },
        {
            "Name": null,
            "IsBigCraftable": false,
            "HasQualities": true,
            "RequiredSize": "Small",
            "ObjectId": "Raffadax.RCP_CarambolaFruitCurd"
        },
        {
            "Name": null,
            "IsBigCraftable": false,
            "HasQualities": true,
            "RequiredSize": "Small",
            "ObjectId": "Raffadax.RCP_CaramelPudding"
        },
        {
            "Name": null,
            "IsBigCraftable": false,
            "HasQualities": true,
            "RequiredSize": "Small",
            "ObjectId": "Raffadax.RCP_CarawayFlowerPuree"
        },
        {
            "Name": null,
            "IsBigCraftable": false,
            "HasQualities": true,
            "RequiredSize": "Small",
            "ObjectId": "Raffadax.RCP_CashewApplePuree"
        },
        {
            "Name": null,
            "IsBigCraftable": false,
            "HasQualities": true,
            "RequiredSize": "Small",
            "ObjectId": "Raffadax.RCP_CashewButter"
        },
        {
            "Name": null,
            "IsBigCraftable": false,
            "HasQualities": true,
            "RequiredSize": "Small",
            "ObjectId": "Raffadax.RCP_CayennePepperSauce"
        },
        {
            "Name": null,
            "IsBigCraftable": false,
            "HasQualities": true,
            "RequiredSize": "Small",
            "ObjectId": "Raffadax.RCP_ChamomilePuree"
        },
        {
            "Name": null,
            "IsBigCraftable": false,
            "HasQualities": true,
            "RequiredSize": "Small",
            "ObjectId": "Raffadax.RCP_CheKhoaiMon"
        },
        {
            "Name": null,
            "IsBigCraftable": false,
            "HasQualities": true,
            "RequiredSize": "Small",
            "ObjectId": "Raffadax.RCP_CherryPuree"
        },
        {
            "Name": null,
            "IsBigCraftable": false,
            "HasQualities": true,
            "RequiredSize": "Small",
            "ObjectId": "Raffadax.RCP_ChestnutButter"
        },
        {
            "Name": null,
            "IsBigCraftable": false,
            "HasQualities": true,
            "RequiredSize": "Small",
            "ObjectId": "Raffadax.RCP_ChewingTobacco"
        },
        {
            "Name": null,
            "IsBigCraftable": false,
            "HasQualities": true,
            "RequiredSize": "Small",
            "ObjectId": "Raffadax.RCP_ChicoryFlowerPuree"
        },
        {
            "Name": null,
            "IsBigCraftable": false,
            "HasQualities": true,
            "RequiredSize": "Small",
            "ObjectId": "Raffadax.RCP_ChileconQueso"
        },
        {
            "Name": null,
            "IsBigCraftable": false,
            "HasQualities": true,
            "RequiredSize": "Small",
            "ObjectId": "Raffadax.RCP_ChipotlePepperSauce"
        },
        {
            "Name": null,
            "IsBigCraftable": false,
            "HasQualities": true,
            "RequiredSize": "Small",
            "ObjectId": "Raffadax.RCP_ChocolatePudding"
        },
        {
            "Name": null,
            "IsBigCraftable": false,
            "HasQualities": true,
            "RequiredSize": "Small",
            "ObjectId": "Raffadax.RCP_CintamaniPuree"
        },
        {
            "Name": null,
            "IsBigCraftable": false,
            "HasQualities": true,
            "RequiredSize": "Small",
            "ObjectId": "Raffadax.RCP_ClematisPuree"
        },
        {
            "Name": null,
            "IsBigCraftable": false,
            "HasQualities": true,
            "RequiredSize": "Small",
            "ObjectId": "Raffadax.RCP_CloverPuree"
        },
        {
            "Name": null,
            "IsBigCraftable": false,
            "HasQualities": true,
            "RequiredSize": "Small",
            "ObjectId": "Raffadax.RCP_CocoaButter"
        },
        {
            "Name": null,
            "IsBigCraftable": false,
            "HasQualities": true,
            "RequiredSize": "Small",
            "ObjectId": "Raffadax.RCP_CocodeMerButter"
        },
        {
            "Name": null,
            "IsBigCraftable": false,
            "HasQualities": true,
            "RequiredSize": "Small",
            "ObjectId": "Raffadax.RCP_CoconutButter"
        },
        {
            "Name": null,
            "IsBigCraftable": false,
            "HasQualities": true,
            "RequiredSize": "Small",
            "ObjectId": "Raffadax.RCP_CoconutPudding"
        },
        {
            "Name": null,
            "IsBigCraftable": false,
            "HasQualities": true,
            "RequiredSize": "Small",
            "ObjectId": "Raffadax.RCP_CoffeeButter"
        },
        {
            "Name": null,
            "IsBigCraftable": false,
            "HasQualities": true,
            "RequiredSize": "Small",
            "ObjectId": "Raffadax.RCP_CoffeePudding"
        },
        {
            "Name": null,
            "IsBigCraftable": false,
            "HasQualities": true,
            "RequiredSize": "Small",
            "ObjectId": "Raffadax.RCP_CorianderFlowerPuree"
        },
        {
            "Name": null,
            "IsBigCraftable": false,
            "HasQualities": true,
            "RequiredSize": "Small",
            "ObjectId": "Raffadax.RCP_CranberryPuree"
        },
        {
            "Name": null,
            "IsBigCraftable": false,
            "HasQualities": true,
            "RequiredSize": "Small",
            "ObjectId": "Raffadax.RCP_CrocusPuree"
        },
        {
            "Name": null,
            "IsBigCraftable": false,
            "HasQualities": true,
            "RequiredSize": "Small",
            "ObjectId": "Raffadax.RCP_CrystalFruitPuree"
        },
        {
            "Name": null,
            "IsBigCraftable": false,
            "HasQualities": true,
            "RequiredSize": "Small",
            "ObjectId": "Raffadax.RCP_DaccaBananaPuree"
        },
        {
            "Name": null,
            "IsBigCraftable": false,
            "HasQualities": true,
            "RequiredSize": "Small",
            "ObjectId": "Raffadax.RCP_DaffodilPuree"
        },
        {
            "Name": null,
            "IsBigCraftable": false,
            "HasQualities": true,
            "RequiredSize": "Small",
            "ObjectId": "Raffadax.RCP_DaisyPuree"
        },
        {
            "Name": null,
            "IsBigCraftable": false,
            "HasQualities": true,
            "RequiredSize": "Small",
            "ObjectId": "Raffadax.RCP_DandelionPuree"
        },
        {
            "Name": null,
            "IsBigCraftable": false,
            "HasQualities": true,
            "RequiredSize": "Small",
            "ObjectId": "Raffadax.RCP_DarkChocolatePudding"
        },
        {
            "Name": null,
            "IsBigCraftable": false,
            "HasQualities": true,
            "RequiredSize": "Small",
            "ObjectId": "Raffadax.RCP_DarkCocoaButter"
        },
        {
            "Name": null,
            "IsBigCraftable": false,
            "HasQualities": true,
            "RequiredSize": "Small",
            "ObjectId": "Raffadax.RCP_DatePuree"
        },
        {
            "Name": null,
            "IsBigCraftable": false,
            "HasQualities": true,
            "RequiredSize": "Small",
            "ObjectId": "Raffadax.RCP_DeadMansPuree"
        },
        {
            "Name": null,
            "IsBigCraftable": false,
            "HasQualities": true,
            "RequiredSize": "Small",
            "ObjectId": "Raffadax.RCP_DijonMustard"
        },
        {
            "Name": null,
            "IsBigCraftable": false,
            "HasQualities": true,
            "RequiredSize": "Small",
            "ObjectId": "Raffadax.RCP_DogwoodPuree"
        },
        {
            "Name": null,
            "IsBigCraftable": false,
            "HasQualities": true,
            "RequiredSize": "Small",
            "ObjectId": "Raffadax.RCP_DragonBerryPuree"
        },
        {
            "Name": null,
            "IsBigCraftable": false,
            "HasQualities": true,
            "RequiredSize": "Small",
            "ObjectId": "Raffadax.RCP_DragonFruitPuree"
        },
        {
            "Name": null,
            "IsBigCraftable": false,
            "HasQualities": true,
            "RequiredSize": "Small",
            "ObjectId": "Raffadax.RCP_DurianPuree"
        },
        {
            "Name": null,
            "IsBigCraftable": false,
            "HasQualities": true,
            "RequiredSize": "Small",
            "ObjectId": "Raffadax.RCP_ElderberryPuree"
        },
        {
            "Name": null,
            "IsBigCraftable": false,
            "HasQualities": true,
            "RequiredSize": "Small",
            "ObjectId": "Raffadax.RCP_ElderflowerPuree"
        },
        {
            "Name": null,
            "IsBigCraftable": false,
            "HasQualities": true,
            "RequiredSize": "Small",
            "ObjectId": "Raffadax.RCP_FairyRosePuree"
        },
        {
            "Name": null,
            "IsBigCraftable": false,
            "HasQualities": true,
            "RequiredSize": "Small",
            "ObjectId": "Raffadax.RCP_FennelFlowerPuree"
        },
        {
            "Name": null,
            "IsBigCraftable": false,
            "HasQualities": true,
            "RequiredSize": "Small",
            "ObjectId": "Raffadax.RCP_FernFlowerPuree"
        },
        {
            "Name": null,
            "IsBigCraftable": false,
            "HasQualities": true,
            "RequiredSize": "Small",
            "ObjectId": "Raffadax.RCP_FigPuree"
        },
        {
            "Name": null,
            "IsBigCraftable": false,
            "HasQualities": true,
            "RequiredSize": "Small",
            "ObjectId": "Raffadax.RCP_FireWheelPuree"
        },
        {
            "Name": null,
            "IsBigCraftable": false,
            "HasQualities": true,
            "RequiredSize": "Small",
            "ObjectId": "Raffadax.RCP_FlindersRosePuree"
        },
        {
            "Name": null,
            "IsBigCraftable": false,
            "HasQualities": true,
            "RequiredSize": "Small",
            "ObjectId": "Raffadax.RCP_ForestRosePuree"
        },
        {
            "Name": null,
            "IsBigCraftable": false,
            "HasQualities": true,
            "RequiredSize": "Small",
            "ObjectId": "Raffadax.RCP_ForsythiaPuree"
        },
        {
            "Name": null,
            "IsBigCraftable": false,
            "HasQualities": true,
            "RequiredSize": "Small",
            "ObjectId": "Raffadax.RCP_FoxberryPuree"
        },
        {
            "Name": null,
            "IsBigCraftable": false,
            "HasQualities": true,
            "RequiredSize": "Small",
            "ObjectId": "Raffadax.RCP_FoxglovePuree"
        },
        {
            "Name": null,
            "IsBigCraftable": false,
            "HasQualities": true,
            "RequiredSize": "Small",
            "ObjectId": "Raffadax.RCP_GarlicPaste"
        },
        {
            "Name": null,
            "IsBigCraftable": false,
            "HasQualities": true,
            "RequiredSize": "Small",
            "ObjectId": "Raffadax.RCP_GentianFlowerPuree"
        },
        {
            "Name": null,
            "IsBigCraftable": false,
            "HasQualities": true,
            "RequiredSize": "Small",
            "ObjectId": "Raffadax.RCP_GingerPaste"
        },
        {
            "Name": null,
            "IsBigCraftable": false,
            "HasQualities": true,
            "RequiredSize": "Small",
            "ObjectId": "Raffadax.RCP_GingerPudding"
        },
        {
            "Name": null,
            "IsBigCraftable": false,
            "HasQualities": true,
            "RequiredSize": "Small",
            "ObjectId": "Raffadax.RCP_GoldenPlumButter"
        },
        {
            "Name": null,
            "IsBigCraftable": false,
            "HasQualities": true,
            "RequiredSize": "Small",
            "ObjectId": "Raffadax.RCP_GoldenPrunePuree"
        },
        {
            "Name": null,
            "IsBigCraftable": false,
            "HasQualities": true,
            "RequiredSize": "Small",
            "ObjectId": "Raffadax.RCP_GoldenRaisinPuree"
        },
        {
            "Name": null,
            "IsBigCraftable": false,
            "HasQualities": true,
            "RequiredSize": "Small",
            "ObjectId": "Raffadax.RCP_GrapePuree"
        },
        {
            "Name": null,
            "IsBigCraftable": false,
            "HasQualities": true,
            "RequiredSize": "Small",
            "ObjectId": "Raffadax.RCP_GrapefruitCurd"
        },
        {
            "Name": null,
            "IsBigCraftable": false,
            "HasQualities": true,
            "RequiredSize": "Small",
            "ObjectId": "Raffadax.RCP_GreenTomatoPaste"
        },
        {
            "Name": null,
            "IsBigCraftable": false,
            "HasQualities": true,
            "RequiredSize": "Small",
            "ObjectId": "Raffadax.RCP_GreenTomatoSauce"
        },
        {
            "Name": null,
            "IsBigCraftable": false,
            "HasQualities": true,
            "RequiredSize": "Small",
            "ObjectId": "Raffadax.RCP_GrosMichelPuree"
        },
        {
            "Name": null,
            "IsBigCraftable": false,
            "HasQualities": true,
            "RequiredSize": "Small",
            "ObjectId": "Raffadax.RCP_Guacamole"
        },
        {
            "Name": null,
            "IsBigCraftable": false,
            "HasQualities": true,
            "RequiredSize": "Small",
            "ObjectId": "Raffadax.RCP_GuaranaPuree"
        },
        {
            "Name": null,
            "IsBigCraftable": false,
            "HasQualities": true,
            "RequiredSize": "Small",
            "ObjectId": "Raffadax.RCP_GuavaPuree"
        },
        {
            "Name": null,
            "IsBigCraftable": false,
            "HasQualities": true,
            "RequiredSize": "Small",
            "ObjectId": "Raffadax.RCP_GultheriaPuree"
        },
        {
            "Name": null,
            "IsBigCraftable": false,
            "HasQualities": true,
            "RequiredSize": "Small",
            "ObjectId": "Raffadax.RCP_HarmonicPuree"
        },
        {
            "Name": null,
            "IsBigCraftable": false,
            "HasQualities": true,
            "RequiredSize": "Small",
            "ObjectId": "Raffadax.RCP_HawkweedPuree"
        },
        {
            "Name": null,
            "IsBigCraftable": false,
            "HasQualities": true,
            "RequiredSize": "Small",
            "ObjectId": "Raffadax.RCP_HawthornBerryPuree"
        },
        {
            "Name": null,
            "IsBigCraftable": false,
            "HasQualities": true,
            "RequiredSize": "Small",
            "ObjectId": "Raffadax.RCP_HazelnutButter"
        },
        {
            "Name": null,
            "IsBigCraftable": false,
            "HasQualities": true,
            "RequiredSize": "Small",
            "ObjectId": "Raffadax.RCP_HeliconiaPuree"
        },
        {
            "Name": null,
            "IsBigCraftable": false,
            "HasQualities": true,
            "RequiredSize": "Small",
            "ObjectId": "Raffadax.RCP_HesperidiumPuree"
        },
        {
            "Name": null,
            "IsBigCraftable": false,
            "HasQualities": true,
            "RequiredSize": "Small",
            "ObjectId": "Raffadax.RCP_HibiscusPuree"
        },
        {
            "Name": null,
            "IsBigCraftable": false,
            "HasQualities": true,
            "RequiredSize": "Small",
            "ObjectId": "Raffadax.RCP_HoneyBarbecueSauce"
        },
        {
            "Name": null,
            "IsBigCraftable": false,
            "HasQualities": true,
            "RequiredSize": "Small",
            "ObjectId": "Raffadax.RCP_HoneyMustard"
        },
        {
            "Name": null,
            "IsBigCraftable": false,
            "HasQualities": true,
            "RequiredSize": "Small",
            "ObjectId": "Raffadax.RCP_HoneyberryPuree"
        },
        {
            "Name": null,
            "IsBigCraftable": false,
            "HasQualities": true,
            "RequiredSize": "Small",
            "ObjectId": "Raffadax.RCP_HoneycrispAppleButter"
        },
        {
            "Name": null,
            "IsBigCraftable": false,
            "HasQualities": true,
            "RequiredSize": "Small",
            "ObjectId": "Raffadax.RCP_HoneydewPuree"
        },
        {
            "Name": null,
            "IsBigCraftable": false,
            "HasQualities": true,
            "RequiredSize": "Small",
            "ObjectId": "Raffadax.RCP_HoneysucklePuree"
        },
        {
            "Name": null,
            "IsBigCraftable": false,
            "HasQualities": true,
            "RequiredSize": "Small",
            "ObjectId": "Raffadax.RCP_HornNutButter"
        },
        {
            "Name": null,
            "IsBigCraftable": false,
            "HasQualities": true,
            "RequiredSize": "Small",
            "ObjectId": "Raffadax.RCP_HotPepperSauce"
        },
        {
            "Name": null,
            "IsBigCraftable": false,
            "HasQualities": true,
            "RequiredSize": "Small",
            "ObjectId": "Raffadax.RCP_HuaMoaPuree"
        },
        {
            "Name": null,
            "IsBigCraftable": false,
            "HasQualities": true,
            "RequiredSize": "Small",
            "ObjectId": "Raffadax.RCP_HuckleberryPuree"
        },
        {
            "Name": null,
            "IsBigCraftable": false,
            "HasQualities": true,
            "RequiredSize": "Small",
            "ObjectId": "Raffadax.RCP_Hummus"
        },
        {
            "Name": null,
            "IsBigCraftable": false,
            "HasQualities": true,
            "RequiredSize": "Small",
            "ObjectId": "Raffadax.RCP_IndigoFlowerPuree"
        },
        {
            "Name": null,
            "IsBigCraftable": false,
            "HasQualities": true,
            "RequiredSize": "Small",
            "ObjectId": "Raffadax.RCP_InfernalPuree"
        },
        {
            "Name": null,
            "IsBigCraftable": false,
            "HasQualities": true,
            "RequiredSize": "Small",
            "ObjectId": "Raffadax.RCP_JabuticabaPuree"
        },
        {
            "Name": null,
            "IsBigCraftable": false,
            "HasQualities": true,
            "RequiredSize": "Small",
            "ObjectId": "Raffadax.RCP_JacarandaFlowerPuree"
        },
        {
            "Name": null,
            "IsBigCraftable": false,
            "HasQualities": true,
            "RequiredSize": "Small",
            "ObjectId": "Raffadax.RCP_JalapenoPepperSauce"
        },
        {
            "Name": null,
            "IsBigCraftable": false,
            "HasQualities": true,
            "RequiredSize": "Small",
            "ObjectId": "Raffadax.RCP_JasminePuree"
        },
        {
            "Name": null,
            "IsBigCraftable": false,
            "HasQualities": true,
            "RequiredSize": "Small",
            "ObjectId": "Raffadax.RCP_JavaBananaPuree"
        },
        {
            "Name": null,
            "IsBigCraftable": false,
            "HasQualities": true,
            "RequiredSize": "Small",
            "ObjectId": "Raffadax.RCP_JuniperPuree"
        },
        {
            "Name": null,
            "IsBigCraftable": false,
            "HasQualities": true,
            "RequiredSize": "Small",
            "ObjectId": "Raffadax.RCP_Ketchup"
        },
        {
            "Name": null,
            "IsBigCraftable": false,
            "HasQualities": true,
            "RequiredSize": "Small",
            "ObjectId": "Raffadax.RCP_KeyLimeCurd"
        },
        {
            "Name": null,
            "IsBigCraftable": false,
            "HasQualities": true,
            "RequiredSize": "Small",
            "ObjectId": "Raffadax.RCP_KiwiPuree"
        },
        {
            "Name": null,
            "IsBigCraftable": false,
            "HasQualities": true,
            "RequiredSize": "Small",
            "ObjectId": "Raffadax.RCP_KumquatCurd"
        }
    ]
}