{
    "Format": "2.0.0",

// GMCM CONFIGURATION
    "ConfigSchema": {
    	"ArtisanImages": {
      		"Default": "true",
      		"AllowValues": "true, false"
    	   },
    	"GemImages": {
      		"Default": "true",
      		"AllowValues": "true, false"
    	   },
    	"MilkImages": {
      		"Default": "true",
      		"AllowValues": "true, false"
    	   },
    	"SeedsImages": {
      		"Default": "true",
      		"AllowValues": "true, false"
    	   },
    	"SpecialImages": {
      		"Default": "true",
      		"AllowValues": "true, false"
    	   },
    	"Humidor": {
      		"Default": "true",
      		"AllowValues": "true, false"
            },
        "SeedMakerSaplings": {
            "Default": "More Saplings",
            "AllowValues": "More Saplings, Better Saplings"
            }
        },

// DYNAMIC TOKENS
    "DynamicTokens": [
        {
            "Name": "Amanra",
            "Value": "{{ModID}}_Amanra"
        },
        {
            "Name": "Astrid",
            "Value": "{{ModID}}_Astrid"
        },
        {
            "Name": "Coyote",
            "Value": "{{ModID}}_Coyote"
        },
        {
            "Name": "Mephisto",
            "Value": "{{ModID}}_Mephisto"
        },
        {
            "Name": "Puck",
            "Value": "{{ModID}}_Puck"
        },
        {
            "Name": "Shuck",
            "Value": "{{ModID}}_Shuck"
        },
        {
            "Name": "Xolotl",
            "Value": "{{ModID}}_Xolotl"
        }
    ],

// CHANGES
    "Changes": [

    // INCLUDE LOADING DATA
        {
            "Action": "Include",
            "FromFile": "assets/data/LoadData.json"
        },

    // INCLUDE DATA ASSETS

        //Item & object assets
        //BCs, Objects and Weapons first.
        {
            "Action": "Include",
            "FromFile": "assets/data/BigCraftables.json"
        },
        {
            "Action": "Include",
            "FromFile": "assets/data/Objects.json"
        },
        {
            "Action": "Include",
            "FromFile": "assets/data/Weapons.json"
        },
        // Scripts that work with BCs, objects and weapons
        {
            "Action": "Include",
            "FromFile": "assets/data/Buildings.json"
        },
        {
            "Action": "Include",
            "FromFile": "assets/data/Crops.json"
        },
        {
            "Action": "Include",
            "FromFile": "assets/data/FruitTrees.json"
        },
        {
            "Action": "Include",
            "FromFile": "assets/data/GiantCrops.json"
        },
        {
            "Action": "Include",
            "FromFile": "assets/data/Machines.json"
        },
        {
            "Action": "Include",
            "FromFile": "assets/data/MapEdits.json"
        },
        {
            "Action": "Include",
            "FromFile": "assets/data/CookingRecipes.json"
        },
        {
            "Action": "Include",
            "FromFile": "assets/data/CraftingRecipes.json"
        },
        // NPCs
        {
            "Action": "Include",
            "FromFile": "assets/data/Characters/Amanra.json"
        },
        {
            "Action": "Include",
            "FromFile": "assets/data/Characters/Astrid.json"
        },
        {
            "Action": "Include",
            "FromFile": "assets/data/Characters/Coyote.json"
        },
        {
            "Action": "Include",
            "FromFile": "assets/data/Characters/Mephisto.json"
        },
        {
            "Action": "Include",
            "FromFile": "assets/data/Characters/Puck.json"
        },
        {
            "Action": "Include",
            "FromFile": "assets/data/Characters/Shuck.json"
        },
        {
            "Action": "Include",
            "FromFile": "assets/data/Characters/Xolotl.json"
        },
        // Scripts requiring NPCs
        {
            "Action": "Include",
            "FromFile": "assets/data/Mail.json"
        },
        {
            "Action": "Include",
            "FromFile": "assets/data/Shops.json"
        },
        {
            "Action": "Include",
            "FromFile": "assets/data/TriggerActions.json"
        },
        // NPC Gift Tastes
        {
            "Action": "Include",
            "FromFile": "assets/data/NPCGiftTastes/vanillagifts.json"
        },
        {
            "Action": "Include",
            "FromFile": "assets/data/NPCGiftTastes/compatgifts.json"
        },
        {
            "Action": "Include",
            "FromFile": "assets/data/NPCGiftTastes/Amanragifts.json"
        },
        {
            "Action": "Include",
            "FromFile": "assets/data/NPCGiftTastes/Astridgifts.json"
        },
        {
            "Action": "Include",
            "FromFile": "assets/data/NPCGiftTastes/Coyotegifts.json"
        },
        {
            "Action": "Include",
            "FromFile": "assets/data/NPCGiftTastes/Mephistogifts.json"
        },
        {
            "Action": "Include",
            "FromFile": "assets/data/NPCGiftTastes/Puckgifts.json"
        },
        {
            "Action": "Include",
            "FromFile": "assets/data/NPCGiftTastes/Shuckgifts.json"
        },
        {
            "Action": "Include",
            "FromFile": "assets/data/NPCGiftTastes/Xolotlgifts.json"
        },

    // CUSTOM NPC EXCLUSIONS
        {
            "LogName": "NPC Exclusions",
            "Action": "EditData",
            "Target": "Data/CustomNPCExclusions",
            "Entries": {
                "{{Amanra}}": "All",
                "{{Astrid}}": "All",
                "{{Coyote}}": "All",
		        "{{Mephisto}}": "All",
		        "{{Puck}}": "All",
		        "{{Shuck}}": "All",
		        "{{Xolotl}}": "All"
            }
        },

    // STRINGS FROM MAPS
        {
            "LogName": "StringsFromMaps",
            "Action": "EditData",
            "Target": "Strings/StringsFromMaps",
            "Entries": {
                "Amoxtli": "{{i18n:StringsFromMaps.Amoxtli}}",
                "CodexGigas": "{{i18n:StringsFromMaps.CodexGigas}}",
                "CorpusHermeticum": "{{i18n:StringsFromMaps.CorpusHermeticum}}",
                "Galdrabok": "{{i18n:StringsFromMaps.Galdrabok}}",
                "GrimorumArcanorum": "{{i18n:StringsFromMaps.GrimorumArcanorum}}",
                "JoJini": "{{i18n:StringsFromMaps.JoJini}}",
                "Necronomicon": "{{i18n:StringsFromMaps.Necronomicon}}"
            }
        }
    ]
}
